TimeZone=UTC,,,,,,,,,,,,,,,,,,,,,,,,,,,,,,,,,,,,,,,,,,,,,,,,,,,,,,,,
IsMultiFill,ISIN,Currency,Venue,OrderRef,PMID,ParticipantCode,TraderID,CounterPartyCode,DecisionTime,ArrivalTime_QuoteTime,FirstFillTime_TradeTime,LastFillTime,Price,Quantity,Side,TradeFlag,SettlementDate,PublicTradeID,UserDefinedFilter,TradingNetworkID,SettlementPeriod,MarketOrderId,ParticipationRate,BenchmarkVenues,BenchmarkType,FlowType,BasketID,Note,MessageType,ParentOrderRef,ExecutionType,LimitPrice,Urgency,AlgoName,AlgoParams,Index,Sector,FeeBasis1,FeeAmount1,FeeBasis2,FeeAmount2,PreTradeImpactEstimate,PreTradeRiskEstimate,UserBenchmarks,AssetType,AssetSubType,ActionType,ActionDateTime,DirectedFlow,PrimaryExchangeLine,TargetCurrency,CFICode,CounterpartyInteractionType,LastCapacity,TimeInForce,ClientCategory
FALSE,DE000C4SA5W8,EUR,XEUR,20001145,Bob1,ABCDEFGHIJKL,,DMA,,,00:25:02,,12927.5,1,B,,,,,BigBank,,,,,,Y,,25.00000323187.50InstIdentCode:DE000C4SA5W8|;InstFullName:DAX|;InstClassification:FFICSX|;NotionalCurr:EUR|;PriceMultiplier:25.0|;UnderlInstCode:DE0008469008|;UnderlIndexName:DAX PERFORMANCE-INDEX|;OptionType:OTHR|;StrikePrice:0.0|;OptionExerciseStyle:|;ExpiryDate:2020-09-18|;DeliveryType:PHYS|,F,100000001,1,,,,InstIdentCode:DE000C4SA5W8|;InstFullName:DAX|;InstClassification:FFICSX|;NotionalCurr:EUR|;PriceMultiplier:25.0|;UnderlInstCode:DE0008469008|;UnderlIndexName:DAX PERFORMANCE-INDEX|;OptionType:OTHR|;StrikePrice:0.0|;OptionExerciseStyle:|;ExpiryDate:2020-09-18|;DeliveryType:PHYS|,G,1,,,,,,,,74521700,,,,Y,,,FFICSX,,,,P
FALSE,PL0GF0019331,PLN,WDER,20001150,Bob7,ABCDEFGHIJKL,,ZZZ_DMA,,,00:07:21,,1812,1,B,,,,,BigBank,,,,,,Y,,20.0000036240.00InstIdentCode:PL0GF0019331|;InstFullName:Wig 20 Index|;InstClassification:FFICSX|;NotionalCurr:PLN|;PriceMultiplier:20.0|;UnderlInstCode:PL9999999987|;UnderlIndexName:WIG20 PLN|;OptionType:OTHR|;StrikePrice:0.0|;OptionExerciseStyle:|;ExpiryDate:2020-09-18|;DeliveryType:PHYS|,F,100000002,,,,,InstIdentCode:PL0GF0019331|;InstFullName:Wig 20 Index|;InstClassification:FFICSX|;NotionalCurr:PLN|;PriceMultiplier:20.0|;UnderlInstCode:PL9999999987|;UnderlIndexName:WIG20 PLN|;OptionType:OTHR|;StrikePrice:0.0|;OptionExerciseStyle:|;ExpiryDate:2020-09-18|;DeliveryType:PHYS|,G,1,,,,,,,,74478078,,,,Y,,,FFICSX,,,,P
FALSE,O:EVH\U20\12.5,USD,XCBO,20000149,Bob1,ABCDEFGHIJKL,,XXX_DMA,,,00:47:41,,1.543966,2,B,,,,,BigBank,,,,,,Y,,100.00000308.79InstIdentCode:EVH|;InstFullName:Evolent Health Inc.|;InstClassification:OPASPS|;NotionalCurr:USD|;PriceMultiplier:100.0|;UnderlInstCode:US30050B1017|;UnderlIndexName:|;OptionType:PUTO|;StrikePrice:12.5|;OptionExerciseStyle:AMER|;ExpiryDate:2020-09-18|;DeliveryType:PHYS|,F,100000003,,,,,InstIdentCode:EVH|;InstFullName:Evolent Health Inc.|;InstClassification:OPASPS|;NotionalCurr:USD|;PriceMultiplier:100.0|;UnderlInstCode:US30050B1017|;UnderlIndexName:|;OptionType:PUTO|;StrikePrice:12.5|;OptionExerciseStyle:AMER|;ExpiryDate:2020-09-18|;DeliveryType:PHYS|,G,1,,,,,,,,74462390,,,,Y,,,OPASPS,,,,P
FALSE,O:MDT\U20\92.5,USD,AMXO,19999819,Bob1,ABCDEFGHIJKL,,XXX_DMA,,,00:41:48,,1.13,1,S,,,,,BigBank,,,,,,Y,,100.00000113.00InstIdentCode:MDT|;InstFullName:Medtronic PLC|;InstClassification:OPASPS|;NotionalCurr:USD|;PriceMultiplier:100.0|;UnderlInstCode:IE00BTN1Y115|;UnderlIndexName:|;OptionType:PUTO|;StrikePrice:92.5|;OptionExerciseStyle:AMER|;ExpiryDate:2020-09-18|;DeliveryType:PHYS|,F,100000004,,,,,InstIdentCode:MDT|;InstFullName:Medtronic PLC|;InstClassification:OPASPS|;NotionalCurr:USD|;PriceMultiplier:100.0|;UnderlInstCode:IE00BTN1Y115|;UnderlIndexName:|;OptionType:PUTO|;StrikePrice:92.5|;OptionExerciseStyle:AMER|;ExpiryDate:2020-09-18|;DeliveryType:PHYS|,G,1,,,,,,,,74523370,,,,Y,,,OPASPS,,,,P
FALSE,DE000C5EHKS3,EUR,XEUR,19999321,Bob1,ABCDEFGHIJKL,,DMA,,,00:34:38,,78.5,1,B,,,,,BigBank,,,,,,Y,,100.000007850.00InstIdentCode:DE000C5EHKS3|;InstFullName:Wirecard AG|;InstClassification:OPASPS|;NotionalCurr:EUR|;PriceMultiplier:100.0|;UnderlInstCode:DE0007472060|;UnderlIndexName:|;OptionType:PUTO|;StrikePrice:80.0|;OptionExerciseStyle:AMER|;ExpiryDate:2020-08-24|;DeliveryType:PHYS|,F,100000005,1,,,,InstIdentCode:DE000C5EHKS3|;InstFullName:Wirecard AG|;InstClassification:OPASPS|;NotionalCurr:EUR|;PriceMultiplier:100.0|;UnderlInstCode:DE0007472060|;UnderlIndexName:|;OptionType:PUTO|;StrikePrice:80.0|;OptionExerciseStyle:AMER|;ExpiryDate:2020-08-24|;DeliveryType:PHYS|,G,1,,,,,,,,74461135,,,,Y,,,OPASPS,,,,R
FALSE,DE000C4SA5W8,EUR,XEUR,19998823,Bob1,ABCDEFGHIJKL,,DMA,,,00:25:02,,12925.5,2,B,,,,,BigBank,,,,,,Y,,25.00000646275.00InstIdentCode:DE000C4SA5W8|;InstFullName:DAX|;InstClassification:FFICSX|;NotionalCurr:EUR|;PriceMultiplier:25.0|;UnderlInstCode:DE0008469008|;UnderlIndexName:DAX PERFORMANCE-INDEX|;OptionType:OTHR|;StrikePrice:0.0|;OptionExerciseStyle:|;ExpiryDate:2020-09-18|;DeliveryType:PHYS|,F,100000006,1,,,,InstIdentCode:DE000C4SA5W8|;InstFullName:DAX|;InstClassification:FFICSX|;NotionalCurr:EUR|;PriceMultiplier:25.0|;UnderlInstCode:DE0008469008|;UnderlIndexName:DAX PERFORMANCE-INDEX|;OptionType:OTHR|;StrikePrice:0.0|;OptionExerciseStyle:|;ExpiryDate:2020-09-18|;DeliveryType:PHYS|,G,1,,,,,,,,74521701,,,,Y,,,FFICSX,,,,P
FALSE,PL0GF0019331,PLN,WDER,19998325,Bob7,ABCDEFGHIJKL,,ZZZ_DMA,,,00:07:56,,1812,1,B,,,,,BigBank,,,,,,Y,,20.0000036240.00InstIdentCode:PL0GF0019331|;InstFullName:Wig 20 Index|;InstClassification:FFICSX|;NotionalCurr:PLN|;PriceMultiplier:20.0|;UnderlInstCode:PL9999999987|;UnderlIndexName:WIG20 PLN|;OptionType:OTHR|;StrikePrice:0.0|;OptionExerciseStyle:|;ExpiryDate:2020-09-18|;DeliveryType:PHYS|,F,100000007,,,,,InstIdentCode:PL0GF0019331|;InstFullName:Wig 20 Index|;InstClassification:FFICSX|;NotionalCurr:PLN|;PriceMultiplier:20.0|;UnderlInstCode:PL9999999987|;UnderlIndexName:WIG20 PLN|;OptionType:OTHR|;StrikePrice:0.0|;OptionExerciseStyle:|;ExpiryDate:2020-09-18|;DeliveryType:PHYS|,G,1,,,,,,,,74478105,,,,Y,,,FFICSX,,,,P
FALSE,O:EVH\I20\12.5,USD,XCBO,19997827,Bob8,ABCDEFGHIJKL,,XXX_DMA,,,00:47:50,,1.432759,11,B,,,,,BigBank,,,,,,Y,,100.000001576.03InstIdentCode:EVH|;InstFullName:Evolent Health Inc.|;InstClassification:OCASPS|;NotionalCurr:USD|;PriceMultiplier:100.0|;UnderlInstCode:US30050B1017|;UnderlIndexName:|;OptionType:CALL|;StrikePrice:12.5|;OptionExerciseStyle:AMER|;ExpiryDate:2020-09-18|;DeliveryType:PHYS|,F,100000008,,,,,InstIdentCode:EVH|;InstFullName:Evolent Health Inc.|;InstClassification:OCASPS|;NotionalCurr:USD|;PriceMultiplier:100.0|;UnderlInstCode:US30050B1017|;UnderlIndexName:|;OptionType:CALL|;StrikePrice:12.5|;OptionExerciseStyle:AMER|;ExpiryDate:2020-09-18|;DeliveryType:PHYS|,G,1,,,,,,,,74462405,,,,Y,,,OCASPS,,,,P
FALSE,DE000C5N1NK0,EUR,XEUR,19997329,Bob9,ABCDEFGHIJKL,,DMA,,,00:08:15,,1.13,40,S,,,,,BigBank,,,,,,Y,,100.000004520.00InstIdentCode:DE000C5N1NK0|;InstFullName:Deutsche Post AG|;InstClassification:OPASPS|;NotionalCurr:EUR|;PriceMultiplier:100.0|;UnderlInstCode:DE0005552004|;UnderlIndexName:|;OptionType:PUTO|;StrikePrice:38.0|;OptionExerciseStyle:AMER|;ExpiryDate:2020-08-31|;DeliveryType:PHYS|,F,100000009,1,,,,InstIdentCode:DE000C5N1NK0|;InstFullName:Deutsche Post AG|;InstClassification:OPASPS|;NotionalCurr:EUR|;PriceMultiplier:100.0|;UnderlInstCode:DE0005552004|;UnderlIndexName:|;OptionType:PUTO|;StrikePrice:38.0|;OptionExerciseStyle:AMER|;ExpiryDate:2020-08-31|;DeliveryType:PHYS|,G,1,,,,,,,,74510721,,,,Y,,,OPASPS,,,,P
FALSE,O:AAPL\H20\415,USD,XCBO,19996831,Bob10,ABCDEFGHIJKL,,XXX_DMA,,,00:44:47,,72.5,4,B,,,,,BigBank,,,,,,Y,,100.0000029000.00InstIdentCode:AAPL|;InstFullName:Apple Inc.|;InstClassification:OCASPS|;NotionalCurr:USD|;PriceMultiplier:100.0|;UnderlInstCode:US0378331005|;UnderlIndexName:|;OptionType:CALL|;StrikePrice:415.0|;OptionExerciseStyle:AMER|;ExpiryDate:2020-08-21|;DeliveryType:PHYS|,F,100000010,,,,,InstIdentCode:AAPL|;InstFullName:Apple Inc.|;InstClassification:OCASPS|;NotionalCurr:USD|;PriceMultiplier:100.0|;UnderlInstCode:US0378331005|;UnderlIndexName:|;OptionType:CALL|;StrikePrice:415.0|;OptionExerciseStyle:AMER|;ExpiryDate:2020-08-21|;DeliveryType:PHYS|,G,1,,,,,,,,74523371,,,,Y,,,OCASPS,,,,P
FALSE,DE000C5DNJC9,EUR,XEUR,19996333,Bob11,ABCDEFGHIJKL,,DMA,,,00:37:28,,50.8,5,S,,,,,BigBank,,,,,,Y,,10.000002540.00InstIdentCode:DE000C5DNJC9|;InstFullName:ESTX 50 Index|;InstClassification:OPEICS|;NotionalCurr:EUR|;PriceMultiplier:10.0|;UnderlInstCode:EU0009658145|;UnderlIndexName:ESTX 50 PR.EUR|;OptionType:PUTO|;StrikePrice:2750.0|;OptionExerciseStyle:EURO|;ExpiryDate:2020-11-23|;DeliveryType:PHYS|,F,100000011,1,,,,InstIdentCode:DE000C5DNJC9|;InstFullName:ESTX 50 Index|;InstClassification:OPEICS|;NotionalCurr:EUR|;PriceMultiplier:10.0|;UnderlInstCode:EU0009658145|;UnderlIndexName:ESTX 50 PR.EUR|;OptionType:PUTO|;StrikePrice:2750.0|;OptionExerciseStyle:EURO|;ExpiryDate:2020-11-23|;DeliveryType:PHYS|,G,1,,,,,,,,74461138,,,,Y,,,OPEICS,,,,P
FALSE,DE000C4SA5W8,EUR,XEUR,19995835,Bob12,ABCDEFGHIJKL,,DMA,,,00:25:03,,12930.5,2,B,,,,,BigBank,,,,,,Y,,25.00000646525.00InstIdentCode:DE000C4SA5W8|;InstFullName:DAX|;InstClassification:FFICSX|;NotionalCurr:EUR|;PriceMultiplier:25.0|;UnderlInstCode:DE0008469008|;UnderlIndexName:DAX PERFORMANCE-INDEX|;OptionType:OTHR|;StrikePrice:0.0|;OptionExerciseStyle:|;ExpiryDate:2020-09-18|;DeliveryType:PHYS|,F,100000012,2,,,,InstIdentCode:DE000C4SA5W8|;InstFullName:DAX|;InstClassification:FFICSX|;NotionalCurr:EUR|;PriceMultiplier:25.0|;UnderlInstCode:DE0008469008|;UnderlIndexName:DAX PERFORMANCE-INDEX|;OptionType:OTHR|;StrikePrice:0.0|;OptionExerciseStyle:|;ExpiryDate:2020-09-18|;DeliveryType:PHYS|,G,1,,,,,,,,74521702,,,,Y,,,FFICSX,,,,P
FALSE,DE000C2XTG93,EUR,XEUR,19995337,Bob13,ABCDEFGHIJKL,,DMA,,,00:06:04,,2.92,30,S,,,,,BigBank,,,,,,Y,,100.000008760.00InstIdentCode:DE000C2XTG93|;InstFullName:BAYERISCHE MOTOREN WERKE AG|;InstClassification:OCASPS|;NotionalCurr:EUR|;PriceMultiplier:100.0|;UnderlInstCode:DE0005190003|;UnderlIndexName:|;OptionType:CALL|;StrikePrice:58.0|;OptionExerciseStyle:AMER|;ExpiryDate:2020-12-21|;DeliveryType:PHYS|,F,100000013,1,,,,InstIdentCode:DE000C2XTG93|;InstFullName:BAYERISCHE MOTOREN WERKE AG|;InstClassification:OCASPS|;NotionalCurr:EUR|;PriceMultiplier:100.0|;UnderlInstCode:DE0005190003|;UnderlIndexName:|;OptionType:CALL|;StrikePrice:58.0|;OptionExerciseStyle:AMER|;ExpiryDate:2020-12-21|;DeliveryType:PHYS|,G,1,,,,,,,,74478108,,,,Y,,,OCASPS,,,,R
FALSE,O:EVH\I20\12.5,USD,XCBO,19994839,Bob7,ABCDEFGHIJKL,,XXX_DMA,,,00:47:50,,1.432759,11,B,,,,,BigBank,,,,,,Y,,100.000001576.03InstIdentCode:EVH|;InstFullName:Evolent Health Inc.|;InstClassification:OCASPS|;NotionalCurr:USD|;PriceMultiplier:100.0|;UnderlInstCode:US30050B1017|;UnderlIndexName:|;OptionType:CALL|;StrikePrice:12.5|;OptionExerciseStyle:AMER|;ExpiryDate:2020-09-18|;DeliveryType:PHYS|,F,100000014,,,,,InstIdentCode:EVH|;InstFullName:Evolent Health Inc.|;InstClassification:OCASPS|;NotionalCurr:USD|;PriceMultiplier:100.0|;UnderlInstCode:US30050B1017|;UnderlIndexName:|;OptionType:CALL|;StrikePrice:12.5|;OptionExerciseStyle:AMER|;ExpiryDate:2020-09-18|;DeliveryType:PHYS|,G,1,,,,,,,,74462406,,,,Y,,,OCASPS,,,,P
FALSE,O:AMAT\I20\75,USD,ARCO,19994341,Bob7,ABCDEFGHIJKL,,XXX_DMA,,,00:45:10,,1,500,S,,,,,BigBank,,,,,,Y,,100.0000050000.00InstIdentCode:AMAT|;InstFullName:APPLIED MATERIALS INC.|;InstClassification:OCASPS|;NotionalCurr:USD|;PriceMultiplier:100.0|;UnderlInstCode:US0382221051|;UnderlIndexName:|;OptionType:CALL|;StrikePrice:75.0|;OptionExerciseStyle:AMER|;ExpiryDate:2020-09-18|;DeliveryType:PHYS|,F,100000015,,,,,InstIdentCode:AMAT|;InstFullName:APPLIED MATERIALS INC.|;InstClassification:OCASPS|;NotionalCurr:USD|;PriceMultiplier:100.0|;UnderlInstCode:US0382221051|;UnderlIndexName:|;OptionType:CALL|;StrikePrice:75.0|;OptionExerciseStyle:AMER|;ExpiryDate:2020-09-18|;DeliveryType:PHYS|,G,1,,,,,,,,74501836,,,,Y,,,OCASPS,,,,R
FALSE,DE000C4QFCK8,EUR,XEUR,19993843,Bob16,ABCDEFGHIJKL,,DMA,,,00:16:50,,176.34,7,B,,,,,BigBank,,,,,,Y,,1000.000001234380.00InstIdentCode:DE000C4QFCK8|;InstFullName:Euro-Bund-Future|;InstClassification:FFDPSX|;NotionalCurr:EUR|;PriceMultiplier:1000.0|;UnderlInstCode:DE0001102473|;UnderlIndexName:|;OptionType:OTHR|;StrikePrice:0.0|;OptionExerciseStyle:|;ExpiryDate:2020-09-08|;DeliveryType:PHYS|,F,100000016,2,,,,InstIdentCode:DE000C4QFCK8|;InstFullName:Euro-Bund-Future|;InstClassification:FFDPSX|;NotionalCurr:EUR|;PriceMultiplier:1000.0|;UnderlInstCode:DE0001102473|;UnderlIndexName:|;OptionType:OTHR|;StrikePrice:0.0|;OptionExerciseStyle:|;ExpiryDate:2020-09-08|;DeliveryType:PHYS|,C,1,,,,,,,,74510729,,,,Y,,,FFDPSX,,,,P
FALSE,O:AAPL\H20\415,USD,XCBO,19993345,Bob17,ABCDEFGHIJKL,,XXX_DMA,,,00:44:47,,72.5,4,B,,,,,BigBank,,,,,,Y,,100.0000029000.00InstIdentCode:AAPL|;InstFullName:Apple Inc.|;InstClassification:OCASPS|;NotionalCurr:USD|;PriceMultiplier:100.0|;UnderlInstCode:US0378331005|;UnderlIndexName:|;OptionType:CALL|;StrikePrice:415.0|;OptionExerciseStyle:AMER|;ExpiryDate:2020-08-21|;DeliveryType:PHYS|,F,100000017,,,,,InstIdentCode:AAPL|;InstFullName:Apple Inc.|;InstClassification:OCASPS|;NotionalCurr:USD|;PriceMultiplier:100.0|;UnderlInstCode:US0378331005|;UnderlIndexName:|;OptionType:CALL|;StrikePrice:415.0|;OptionExerciseStyle:AMER|;ExpiryDate:2020-08-21|;DeliveryType:PHYS|,G,1,,,,,,,,74523372,,,,Y,,,OCASPS,,,,P
FALSE,DE000C4QFCK8,EUR,XEUR,19992847,Bob18,ABCDEFGHIJKL,,DMA,,,00:20:05,,176.55,30,B,,,,,BigBank,,,,,,Y,,1000.000005296500.00InstIdentCode:DE000C4QFCK8|;InstFullName:Euro-Bund-Future|;InstClassification:FFDPSX|;NotionalCurr:EUR|;PriceMultiplier:1000.0|;UnderlInstCode:DE0001102473|;UnderlIndexName:|;OptionType:OTHR|;StrikePrice:0.0|;OptionExerciseStyle:|;ExpiryDate:2020-09-08|;DeliveryType:PHYS|,F,100000018,2,,,,InstIdentCode:DE000C4QFCK8|;InstFullName:Euro-Bund-Future|;InstClassification:FFDPSX|;NotionalCurr:EUR|;PriceMultiplier:1000.0|;UnderlInstCode:DE0001102473|;UnderlIndexName:|;OptionType:OTHR|;StrikePrice:0.0|;OptionExerciseStyle:|;ExpiryDate:2020-09-08|;DeliveryType:PHYS|,C,1,,,,,,,,74546351,,,,Y,,,FFDPSX,,,,P
FALSE,DE000C4SA5W8,EUR,XEUR,19992349,Bob7,ABCDEFGHIJKL,,DMA,,,00:57:24,,12952,1,B,,,,,BigBank,,,,,,Y,,25.00000323800.00InstIdentCode:DE000C4SA5W8|;InstFullName:DAX|;InstClassification:FFICSX|;NotionalCurr:EUR|;PriceMultiplier:25.0|;UnderlInstCode:DE0008469008|;UnderlIndexName:DAX PERFORMANCE-INDEX|;OptionType:OTHR|;StrikePrice:0.0|;OptionExerciseStyle:|;ExpiryDate:2020-09-18|;DeliveryType:PHYS|,F,100000019,1,,,,InstIdentCode:DE000C4SA5W8|;InstFullName:DAX|;InstClassification:FFICSX|;NotionalCurr:EUR|;PriceMultiplier:25.0|;UnderlInstCode:DE0008469008|;UnderlIndexName:DAX PERFORMANCE-INDEX|;OptionType:OTHR|;StrikePrice:0.0|;OptionExerciseStyle:|;ExpiryDate:2020-09-18|;DeliveryType:PHYS|,G,1,,,,,,,,74558969,,,,Y,,,FFICSX,,,,P
FALSE,O:BZUN\J20\45,USD,XCBO,19991851,Bob20,ABCDEFGHIJKL,,XXX_DMA,,,00:26:01,,3,3,B,,,,,BigBank,,,,,,Y,,100.00000900.00InstIdentCode:BZUN|;InstFullName:Baozun Inc.|;InstClassification:OCASPS|;NotionalCurr:USD|;PriceMultiplier:100.0|;UnderlInstCode:US06684L1035|;UnderlIndexName:|;OptionType:CALL|;StrikePrice:45.0|;OptionExerciseStyle:AMER|;ExpiryDate:2020-10-16|;DeliveryType:PHYS|,F,100000020,,,,,InstIdentCode:BZUN|;InstFullName:Baozun Inc.|;InstClassification:OCASPS|;NotionalCurr:USD|;PriceMultiplier:100.0|;UnderlInstCode:US06684L1035|;UnderlIndexName:|;OptionType:CALL|;StrikePrice:45.0|;OptionExerciseStyle:AMER|;ExpiryDate:2020-10-16|;DeliveryType:PHYS|,G,1,,,,,,,,74519176,,,,Y,,,OCASPS,,,,P
FALSE,O:NPTN\U20\10,USD,XCBO,19991353,Bob7,ABCDEFGHIJKL,,XXX_DMA,,,00:11:20,,1.09,3,B,,,,,BigBank,,,,,,Y,,100.00000327.00InstIdentCode:NPTN|;InstFullName:NeoPhotonics Corp.|;InstClassification:OPASPS|;NotionalCurr:USD|;PriceMultiplier:100.0|;UnderlInstCode:US64051T1007|;UnderlIndexName:|;OptionType:PUTO|;StrikePrice:10.0|;OptionExerciseStyle:AMER|;ExpiryDate:2020-09-18|;DeliveryType:PHYS|,F,100000021,,,,,InstIdentCode:NPTN|;InstFullName:NeoPhotonics Corp.|;InstClassification:OPASPS|;NotionalCurr:USD|;PriceMultiplier:100.0|;UnderlInstCode:US64051T1007|;UnderlIndexName:|;OptionType:PUTO|;StrikePrice:10.0|;OptionExerciseStyle:AMER|;ExpiryDate:2020-09-18|;DeliveryType:PHYS|,G,1,,,,,,,,74462628,,,,Y,,,OPASPS,,,,P
FALSE,DE000C488932,EUR,XEUR,19990855,Bob22,ABCDEFGHIJKL,,DMA,,,00:51:24,,370,2,B,,,,,BigBank,,,,,,Y,,5.000003700.00InstIdentCode:DE000C488932|;InstFullName:DAX|;InstClassification:OPEICS|;NotionalCurr:EUR|;PriceMultiplier:5.0|;UnderlInstCode:DE0008469008|;UnderlIndexName:DAX PERFORMANCE-INDEX|;OptionType:PUTO|;StrikePrice:11000.0|;OptionExerciseStyle:EURO|;ExpiryDate:2021-03-22|;DeliveryType:PHYS|,F,100000022,1,,,,InstIdentCode:DE000C488932|;InstFullName:DAX|;InstClassification:OPEICS|;NotionalCurr:EUR|;PriceMultiplier:5.0|;UnderlInstCode:DE0008469008|;UnderlIndexName:DAX PERFORMANCE-INDEX|;OptionType:PUTO|;StrikePrice:11000.0|;OptionExerciseStyle:EURO|;ExpiryDate:2021-03-22|;DeliveryType:PHYS|,G,1,,,,,,,,74495966,,,,Y,,,OPEICS,,,,R
FALSE,O:MSFT14\T20\215,USD,AMXO,19990357,Bob23,ABCDEFGHIJKL,,XXX_DMA,,,00:08:07,,5.1,2,S,,,,,BigBank,,,,,,Y,,100.000001020.00InstIdentCode:MSFT14|;InstFullName:MICROSOFT CORP.|;InstClassification:OPASPS|;NotionalCurr:USD|;PriceMultiplier:100.0|;UnderlInstCode:US5949181045|;UnderlIndexName:|;OptionType:PUTO|;StrikePrice:215.0|;OptionExerciseStyle:AMER|;ExpiryDate:2020-08-14|;DeliveryType:PHYS|,F,100000023,,,,,InstIdentCode:MSFT14|;InstFullName:MICROSOFT CORP.|;InstClassification:OPASPS|;NotionalCurr:USD|;PriceMultiplier:100.0|;UnderlInstCode:US5949181045|;UnderlIndexName:|;OptionType:PUTO|;StrikePrice:215.0|;OptionExerciseStyle:AMER|;ExpiryDate:2020-08-14|;DeliveryType:PHYS|,G,1,,,,,,,,74474011,,,,Y,,,OPASPS,,,,R
FALSE,DE000C2Q0WP2,EUR,XEUR,19989859,Bob7,ABCDEFGHIJKL,,DMA,,,00:59:08,,3248,27,B,,,,,BigBank,,,,,,Y,,10.00000876960.00InstIdentCode:DE000C2Q0WP2|;InstFullName:ESTX 50 Index|;InstClassification:FFICSX|;NotionalCurr:EUR|;PriceMultiplier:10.0|;UnderlInstCode:EU0009658145|;UnderlIndexName:ESTX 50 PR.EUR|;OptionType:OTHR|;StrikePrice:0.0|;OptionExerciseStyle:|;ExpiryDate:2020-09-18|;DeliveryType:PHYS|,F,100000024,1,,,,InstIdentCode:DE000C2Q0WP2|;InstFullName:ESTX 50 Index|;InstClassification:FFICSX|;NotionalCurr:EUR|;PriceMultiplier:10.0|;UnderlInstCode:EU0009658145|;UnderlIndexName:ESTX 50 PR.EUR|;OptionType:OTHR|;StrikePrice:0.0|;OptionExerciseStyle:|;ExpiryDate:2020-09-18|;DeliveryType:PHYS|,G,1,,,,,,,,74474934,,,,Y,,,FFICSX,,,,P
FALSE,DE000C5MZY10,EUR,XEUR,19989361,Bob25,ABCDEFGHIJKL,,DMA,,,00:38:08,,135,2,S,,,,,BigBank,,,,,,Y,,5.000001350.00InstIdentCode:DE000C5MZY10|;InstFullName:DAX|;InstClassification:OPEICS|;NotionalCurr:EUR|;PriceMultiplier:5.0|;UnderlInstCode:DE0008469008|;UnderlIndexName:DAX PERFORMANCE-INDEX|;OptionType:PUTO|;StrikePrice:10700.0|;OptionExerciseStyle:EURO|;ExpiryDate:2020-10-19|;DeliveryType:PHYS|,F,100000025,1,,,,InstIdentCode:DE000C5MZY10|;InstFullName:DAX|;InstClassification:OPEICS|;NotionalCurr:EUR|;PriceMultiplier:5.0|;UnderlInstCode:DE0008469008|;UnderlIndexName:DAX PERFORMANCE-INDEX|;OptionType:PUTO|;StrikePrice:10700.0|;OptionExerciseStyle:EURO|;ExpiryDate:2020-10-19|;DeliveryType:PHYS|,G,1,,,,,,,,74461139,,,,Y,,,OPEICS,,,,P
FALSE,O:CRK\U20\6,USD,XCBO,19988863,Bob7,ABCDEFGHIJKL,,XXX_DMA,,,00:17:27,,0.56904,5,B,,,,,BigBank,,,,,,Y,,100.00000284.52InstIdentCode:CRK|;InstFullName:Comstock Resources Inc.|;InstClassification:OPASPS|;NotionalCurr:USD|;PriceMultiplier:100.0|;UnderlInstCode:US2057683029|;UnderlIndexName:|;OptionType:PUTO|;StrikePrice:6.0|;OptionExerciseStyle:AMER|;ExpiryDate:2020-09-18|;DeliveryType:PHYS|,F,100000026,,,,,InstIdentCode:CRK|;InstFullName:Comstock Resources Inc.|;InstClassification:OPASPS|;NotionalCurr:USD|;PriceMultiplier:100.0|;UnderlInstCode:US2057683029|;UnderlIndexName:|;OptionType:PUTO|;StrikePrice:6.0|;OptionExerciseStyle:AMER|;ExpiryDate:2020-09-18|;DeliveryType:PHYS|,G,1,,,,,,,,74468294,,,,Y,,,OPASPS,,,,P
FALSE,DE000C4SA5W8,EUR,XEUR,19988365,Bob27,ABCDEFGHIJKL,,DMA,,,00:25:02,,12927.5,2,B,,,,,BigBank,,,,,,Y,,25.00000646375.00InstIdentCode:DE000C4SA5W8|;InstFullName:DAX|;InstClassification:FFICSX|;NotionalCurr:EUR|;PriceMultiplier:25.0|;UnderlInstCode:DE0008469008|;UnderlIndexName:DAX PERFORMANCE-INDEX|;OptionType:OTHR|;StrikePrice:0.0|;OptionExerciseStyle:|;ExpiryDate:2020-09-18|;DeliveryType:PHYS|,F,100000027,1,,,,InstIdentCode:DE000C4SA5W8|;InstFullName:DAX|;InstClassification:FFICSX|;NotionalCurr:EUR|;PriceMultiplier:25.0|;UnderlInstCode:DE0008469008|;UnderlIndexName:DAX PERFORMANCE-INDEX|;OptionType:OTHR|;StrikePrice:0.0|;OptionExerciseStyle:|;ExpiryDate:2020-09-18|;DeliveryType:PHYS|,G,1,,,,,,,,74521703,,,,Y,,,FFICSX,,,,P
FALSE,DE000C4QFCK8,EUR,XEUR,19987867,Bob7,ABCDEFGHIJKL,,DMA,,,00:48:19,,177.61,10,B,,,,,BigBank,,,,,,Y,,1000.000001776100.00InstIdentCode:DE000C4QFCK8|;InstFullName:Euro-Bund-Future|;InstClassification:FFDPSX|;NotionalCurr:EUR|;PriceMultiplier:1000.0|;UnderlInstCode:DE0001102473|;UnderlIndexName:|;OptionType:OTHR|;StrikePrice:0.0|;OptionExerciseStyle:|;ExpiryDate:2020-09-08|;DeliveryType:PHYS|,F,100000028,2,,,,InstIdentCode:DE000C4QFCK8|;InstFullName:Euro-Bund-Future|;InstClassification:FFDPSX|;NotionalCurr:EUR|;PriceMultiplier:1000.0|;UnderlInstCode:DE0001102473|;UnderlIndexName:|;OptionType:OTHR|;StrikePrice:0.0|;OptionExerciseStyle:|;ExpiryDate:2020-09-08|;DeliveryType:PHYS|,C,1,,,,,,,,74478110,,,,Y,,,FFDPSX,,,,P
FALSE,O:EVH\I20\12.5,USD,XCBO,19987369,Bob7,ABCDEFGHIJKL,,XXX_DMA,,,00:47:50,,1.432759,7,B,,,,,BigBank,,,,,,Y,,100.000001002.93InstIdentCode:EVH|;InstFullName:Evolent Health Inc.|;InstClassification:OCASPS|;NotionalCurr:USD|;PriceMultiplier:100.0|;UnderlInstCode:US30050B1017|;UnderlIndexName:|;OptionType:CALL|;StrikePrice:12.5|;OptionExerciseStyle:AMER|;ExpiryDate:2020-09-18|;DeliveryType:PHYS|,F,100000029,,,,,InstIdentCode:EVH|;InstFullName:Evolent Health Inc.|;InstClassification:OCASPS|;NotionalCurr:USD|;PriceMultiplier:100.0|;UnderlInstCode:US30050B1017|;UnderlIndexName:|;OptionType:CALL|;StrikePrice:12.5|;OptionExerciseStyle:AMER|;ExpiryDate:2020-09-18|;DeliveryType:PHYS|,G,1,,,,,,,,74462407,,,,Y,,,OCASPS,,,,P
FALSE,DE000C4QFCK8,EUR,XEUR,19986871,Bob7,ABCDEFGHIJKL,,DMA,,,00:42:19,,177.13,5,S,,,,,BigBank,,,,,,Y,,1000.00000885650.00InstIdentCode:DE000C4QFCK8|;InstFullName:Euro-Bund-Future|;InstClassification:FFDPSX|;NotionalCurr:EUR|;PriceMultiplier:1000.0|;UnderlInstCode:DE0001102473|;UnderlIndexName:|;OptionType:OTHR|;StrikePrice:0.0|;OptionExerciseStyle:|;ExpiryDate:2020-09-08|;DeliveryType:PHYS|,F,100000030,2,,,,InstIdentCode:DE000C4QFCK8|;InstFullName:Euro-Bund-Future|;InstClassification:FFDPSX|;NotionalCurr:EUR|;PriceMultiplier:1000.0|;UnderlInstCode:DE0001102473|;UnderlIndexName:|;OptionType:OTHR|;StrikePrice:0.0|;OptionExerciseStyle:|;ExpiryDate:2020-09-08|;DeliveryType:PHYS|,C,1,,,,,,,,74486319,,,,Y,,,FFDPSX,,,,P
FALSE,DE000C5GLGC2,EUR,XEUR,19986373,Jane14,ABCDEFGHIJKL,,DMA,,,00:34:53,,14.1,6,B,,,,,BigBank,,,,,,Y,,100.000008460.00InstIdentCode:DE000C5GLGC2|;InstFullName:ASML Holding N.V.|;InstClassification:OPASPS|;NotionalCurr:EUR|;PriceMultiplier:100.0|;UnderlInstCode:NL0010273215|;UnderlIndexName:|;OptionType:PUTO|;StrikePrice:335.0|;OptionExerciseStyle:AMER|;ExpiryDate:2020-08-24|;DeliveryType:PHYS|,F,100000031,1,,,,InstIdentCode:DE000C5GLGC2|;InstFullName:ASML Holding N.V.|;InstClassification:OPASPS|;NotionalCurr:EUR|;PriceMultiplier:100.0|;UnderlInstCode:NL0010273215|;UnderlIndexName:|;OptionType:PUTO|;StrikePrice:335.0|;OptionExerciseStyle:AMER|;ExpiryDate:2020-08-24|;DeliveryType:PHYS|,G,1,,,,,,,,74510807,,,,Y,,,OPASPS,,,,P
FALSE,O:MSFT14\T20\207.5,USD,AMXO,19985875,Bob7,ABCDEFGHIJKL,,XXX_DMA,,,00:10:43,,0.15,9,B,,,,,BigBank,,,,,,Y,,100.00000135.00InstIdentCode:MSFT14|;InstFullName:MICROSOFT CORP.|;InstClassification:OPASPS|;NotionalCurr:USD|;PriceMultiplier:100.0|;UnderlInstCode:US5949181045|;UnderlIndexName:|;OptionType:PUTO|;StrikePrice:207.5|;OptionExerciseStyle:AMER|;ExpiryDate:2020-08-14|;DeliveryType:PHYS|,F,100000032,,,,,InstIdentCode:MSFT14|;InstFullName:MICROSOFT CORP.|;InstClassification:OPASPS|;NotionalCurr:USD|;PriceMultiplier:100.0|;UnderlInstCode:US5949181045|;UnderlIndexName:|;OptionType:PUTO|;StrikePrice:207.5|;OptionExerciseStyle:AMER|;ExpiryDate:2020-08-14|;DeliveryType:PHYS|,G,1,,,,,,,,74502220,,,,Y,,,OPASPS,,,,R
FALSE,O:NPTN\U20\10,USD,XCBO,19985377,Bob27,ABCDEFGHIJKL,,XXX_DMA,,,00:11:20,,1.09,3,B,,,,,BigBank,,,,,,Y,,100.00000327.00InstIdentCode:NPTN|;InstFullName:NeoPhotonics Corp.|;InstClassification:OPASPS|;NotionalCurr:USD|;PriceMultiplier:100.0|;UnderlInstCode:US64051T1007|;UnderlIndexName:|;OptionType:PUTO|;StrikePrice:10.0|;OptionExerciseStyle:AMER|;ExpiryDate:2020-09-18|;DeliveryType:PHYS|,F,100000033,,,,,InstIdentCode:NPTN|;InstFullName:NeoPhotonics Corp.|;InstClassification:OPASPS|;NotionalCurr:USD|;PriceMultiplier:100.0|;UnderlInstCode:US64051T1007|;UnderlIndexName:|;OptionType:PUTO|;StrikePrice:10.0|;OptionExerciseStyle:AMER|;ExpiryDate:2020-09-18|;DeliveryType:PHYS|,G,1,,,,,,,,74462629,,,,Y,,,OPASPS,,,,P
FALSE,O:MSFT14\T20\215,USD,AMXO,19984879,Bob7,ABCDEFGHIJKL,,XXX_DMA,,,00:08:07,,5.12,1,S,,,,,BigBank,,,,,,Y,,100.00000512.00InstIdentCode:MSFT14|;InstFullName:MICROSOFT CORP.|;InstClassification:OPASPS|;NotionalCurr:USD|;PriceMultiplier:100.0|;UnderlInstCode:US5949181045|;UnderlIndexName:|;OptionType:PUTO|;StrikePrice:215.0|;OptionExerciseStyle:AMER|;ExpiryDate:2020-08-14|;DeliveryType:PHYS|,F,100000034,,,,,InstIdentCode:MSFT14|;InstFullName:MICROSOFT CORP.|;InstClassification:OPASPS|;NotionalCurr:USD|;PriceMultiplier:100.0|;UnderlInstCode:US5949181045|;UnderlIndexName:|;OptionType:PUTO|;StrikePrice:215.0|;OptionExerciseStyle:AMER|;ExpiryDate:2020-08-14|;DeliveryType:PHYS|,G,1,,,,,,,,74474012,,,,Y,,,OPASPS,,,,R
FALSE,DE000C488940,EUR,XEUR,19984381,Bob7,ABCDEFGHIJKL,,DMA,,,00:51:56,,386,2,B,,,,,BigBank,,,,,,Y,,5.000003860.00InstIdentCode:DE000C488940|;InstFullName:DAX|;InstClassification:OPEICS|;NotionalCurr:EUR|;PriceMultiplier:5.0|;UnderlInstCode:DE0008469008|;UnderlIndexName:DAX PERFORMANCE-INDEX|;OptionType:PUTO|;StrikePrice:11100.0|;OptionExerciseStyle:EURO|;ExpiryDate:2021-03-22|;DeliveryType:PHYS|,F,100000035,1,,,,InstIdentCode:DE000C488940|;InstFullName:DAX|;InstClassification:OPEICS|;NotionalCurr:EUR|;PriceMultiplier:5.0|;UnderlInstCode:DE0008469008|;UnderlIndexName:DAX PERFORMANCE-INDEX|;OptionType:PUTO|;StrikePrice:11100.0|;OptionExerciseStyle:EURO|;ExpiryDate:2021-03-22|;DeliveryType:PHYS|,G,1,,,,,,,,74495968,,,,Y,,,OPEICS,,,,R
FALSE,DE000C4SA5W8,EUR,XEUR,19983883,Jane14,ABCDEFGHIJKL,,DMA,,,00:54:45,,13225,5,B,,,,,BigBank,,,,,,Y,,25.000001653125.00InstIdentCode:DE000C4SA5W8|;InstFullName:DAX|;InstClassification:FFICSX|;NotionalCurr:EUR|;PriceMultiplier:25.0|;UnderlInstCode:DE0008469008|;UnderlIndexName:DAX PERFORMANCE-INDEX|;OptionType:OTHR|;StrikePrice:0.0|;OptionExerciseStyle:|;ExpiryDate:2020-09-18|;DeliveryType:PHYS|,F,100000036,1,,,,InstIdentCode:DE000C4SA5W8|;InstFullName:DAX|;InstClassification:FFICSX|;NotionalCurr:EUR|;PriceMultiplier:25.0|;UnderlInstCode:DE0008469008|;UnderlIndexName:DAX PERFORMANCE-INDEX|;OptionType:OTHR|;StrikePrice:0.0|;OptionExerciseStyle:|;ExpiryDate:2020-09-18|;DeliveryType:PHYS|,G,1,,,,,,,,74542934,,,,Y,,,FFICSX,,,,P
FALSE,DE000C5JNB32,EUR,XEUR,19983385,Jane14,ABCDEFGHIJKL,,DMA,,,00:29:46,,0.36,10,S,,,,,BigBank,,,,,,Y,,100.00000360.00InstIdentCode:DE000C5JNB32|;InstFullName:K+S Aktiengesellschaft|;InstClassification:OCASPS|;NotionalCurr:EUR|;PriceMultiplier:100.0|;UnderlInstCode:DE000KSAG888|;UnderlIndexName:|;OptionType:CALL|;StrikePrice:7.0|;OptionExerciseStyle:AMER|;ExpiryDate:2020-09-21|;DeliveryType:PHYS|,F,100000037,1,,,,InstIdentCode:DE000C5JNB32|;InstFullName:K+S Aktiengesellschaft|;InstClassification:OCASPS|;NotionalCurr:EUR|;PriceMultiplier:100.0|;UnderlInstCode:DE000KSAG888|;UnderlIndexName:|;OptionType:CALL|;StrikePrice:7.0|;OptionExerciseStyle:AMER|;ExpiryDate:2020-09-21|;DeliveryType:PHYS|,G,1,,,,,,,,74492218,,,,Y,,,OCASPS,,,,R
FALSE,DE000C4QFCK8,EUR,XEUR,19982887,Bob7,ABCDEFGHIJKL,,DMA,,,00:19:58,,176.55,18,B,,,,,BigBank,,,,,,Y,,1000.000003177900.00InstIdentCode:DE000C4QFCK8|;InstFullName:Euro-Bund-Future|;InstClassification:FFDPSX|;NotionalCurr:EUR|;PriceMultiplier:1000.0|;UnderlInstCode:DE0001102473|;UnderlIndexName:|;OptionType:OTHR|;StrikePrice:0.0|;OptionExerciseStyle:|;ExpiryDate:2020-09-08|;DeliveryType:PHYS|,F,100000038,2,,,,InstIdentCode:DE000C4QFCK8|;InstFullName:Euro-Bund-Future|;InstClassification:FFDPSX|;NotionalCurr:EUR|;PriceMultiplier:1000.0|;UnderlInstCode:DE0001102473|;UnderlIndexName:|;OptionType:OTHR|;StrikePrice:0.0|;OptionExerciseStyle:|;ExpiryDate:2020-09-08|;DeliveryType:PHYS|,C,1,,,,,,,,74546352,,,,Y,,,FFDPSX,,,,P
FALSE,PL0GF0019331,PLN,WDER,19982389,Bob27,ABCDEFGHIJKL,,ZZZ_DMA,,,00:08:31,,1812,1,B,,,,,BigBank,,,,,,Y,,20.0000036240.00InstIdentCode:PL0GF0019331|;InstFullName:Wig 20 Index|;InstClassification:FFICSX|;NotionalCurr:PLN|;PriceMultiplier:20.0|;UnderlInstCode:PL9999999987|;UnderlIndexName:WIG20 PLN|;OptionType:OTHR|;StrikePrice:0.0|;OptionExerciseStyle:|;ExpiryDate:2020-09-18|;DeliveryType:PHYS|,F,100000039,,,,,InstIdentCode:PL0GF0019331|;InstFullName:Wig 20 Index|;InstClassification:FFICSX|;NotionalCurr:PLN|;PriceMultiplier:20.0|;UnderlInstCode:PL9999999987|;UnderlIndexName:WIG20 PLN|;OptionType:OTHR|;StrikePrice:0.0|;OptionExerciseStyle:|;ExpiryDate:2020-09-18|;DeliveryType:PHYS|,G,1,,,,,,,,74478129,,,,Y,,,FFICSX,,,,P
FALSE,DE000C5JDW05,EUR,XEUR,19981891,Bob7,ABCDEFGHIJKL,,DMA,,,00:17:18,,1.21,6,S,,,,,BigBank,,,,,,Y,,100.00000726.00InstIdentCode:DE000C5JDW05|;InstFullName:HeidelbergCement AG|;InstClassification:OPASPS|;NotionalCurr:EUR|;PriceMultiplier:100.0|;UnderlInstCode:DE0006047004|;UnderlIndexName:|;OptionType:PUTO|;StrikePrice:49.0|;OptionExerciseStyle:AMER|;ExpiryDate:2020-09-21|;DeliveryType:PHYS|,F,100000040,1,,,,InstIdentCode:DE000C5JDW05|;InstFullName:HeidelbergCement AG|;InstClassification:OPASPS|;NotionalCurr:EUR|;PriceMultiplier:100.0|;UnderlInstCode:DE0006047004|;UnderlIndexName:|;OptionType:PUTO|;StrikePrice:49.0|;OptionExerciseStyle:AMER|;ExpiryDate:2020-09-21|;DeliveryType:PHYS|,G,1,,,,,,,,74522406,,,,Y,,,OPASPS,,,,P
FALSE,O:AMRS\U20\5,USD,XCBO,19981393,Bob11,ABCDEFGHIJKL,,XXX_DMA,,,00:12:56,,0.87,5,B,,,,,BigBank,,,,,,Y,,100.00000435.00InstIdentCode:AMRS|;InstFullName:Amyris Biotechnologies Inc.|;InstClassification:OPASPS|;NotionalCurr:USD|;PriceMultiplier:100.0|;UnderlInstCode:US03236M2008|;UnderlIndexName:|;OptionType:PUTO|;StrikePrice:5.0|;OptionExerciseStyle:AMER|;ExpiryDate:2020-09-18|;DeliveryType:PHYS|,F,100000041,,,,,InstIdentCode:AMRS|;InstFullName:Amyris Biotechnologies Inc.|;InstClassification:OPASPS|;NotionalCurr:USD|;PriceMultiplier:100.0|;UnderlInstCode:US03236M2008|;UnderlIndexName:|;OptionType:PUTO|;StrikePrice:5.0|;OptionExerciseStyle:AMER|;ExpiryDate:2020-09-18|;DeliveryType:PHYS|,G,1,,,,,,,,74468492,,,,Y,,,OPASPS,,,,P
FALSE,DE000C5F9EC9,EUR,XEUR,19980895,Bob7,ABCDEFGHIJKL,,DMA,,,00:10:31,,3.01,6,S,,,,,BigBank,,,,,,Y,,100.000001806.00InstIdentCode:DE000C5F9EC9|;InstFullName:Covestro AG|;InstClassification:OCASPS|;NotionalCurr:EUR|;PriceMultiplier:100.0|;UnderlInstCode:DE0006062144|;UnderlIndexName:|;OptionType:CALL|;StrikePrice:42.0|;OptionExerciseStyle:AMER|;ExpiryDate:2021-03-22|;DeliveryType:PHYS|,F,100000042,2,,,,InstIdentCode:DE000C5F9EC9|;InstFullName:Covestro AG|;InstClassification:OCASPS|;NotionalCurr:EUR|;PriceMultiplier:100.0|;UnderlInstCode:DE0006062144|;UnderlIndexName:|;OptionType:CALL|;StrikePrice:42.0|;OptionExerciseStyle:AMER|;ExpiryDate:2021-03-22|;DeliveryType:PHYS|,G,1,,,,,,,,74541343,,,,Y,,,OCASPS,,,,R
FALSE,DE000C4SA5W8,EUR,XEUR,19980397,Jane14,ABCDEFGHIJKL,,DMA,,,00:25:02,,12925.5,2,B,,,,,BigBank,,,,,,Y,,25.00000646275.00InstIdentCode:DE000C4SA5W8|;InstFullName:DAX|;InstClassification:FFICSX|;NotionalCurr:EUR|;PriceMultiplier:25.0|;UnderlInstCode:DE0008469008|;UnderlIndexName:DAX PERFORMANCE-INDEX|;OptionType:OTHR|;StrikePrice:0.0|;OptionExerciseStyle:|;ExpiryDate:2020-09-18|;DeliveryType:PHYS|,F,100000043,1,,,,InstIdentCode:DE000C4SA5W8|;InstFullName:DAX|;InstClassification:FFICSX|;NotionalCurr:EUR|;PriceMultiplier:25.0|;UnderlInstCode:DE0008469008|;UnderlIndexName:DAX PERFORMANCE-INDEX|;OptionType:OTHR|;StrikePrice:0.0|;OptionExerciseStyle:|;ExpiryDate:2020-09-18|;DeliveryType:PHYS|,G,1,,,,,,,,74521704,,,,Y,,,FFICSX,,,,P
FALSE,FRENX9166583,EUR,XPAR,19979899,Jane13,ABCDEFGHIJKL,,DMA,,,00:21:41,,0.25,55,S,,,,,BigBank,,,,,,Y,,100.000001375.00InstIdentCode:FRENX9166583|;InstFullName:Alstom S.A.|;InstClassification:OCASPS|;NotionalCurr:EUR|;PriceMultiplier:100.0|;UnderlInstCode:FR0010220475|;UnderlIndexName:|;OptionType:CALL|;StrikePrice:50.0|;OptionExerciseStyle:AMER|;ExpiryDate:2020-08-21|;DeliveryType:PHYS|,F,100000044,,,,,InstIdentCode:FRENX9166583|;InstFullName:Alstom S.A.|;InstClassification:OCASPS|;NotionalCurr:EUR|;PriceMultiplier:100.0|;UnderlInstCode:FR0010220475|;UnderlIndexName:|;OptionType:CALL|;StrikePrice:50.0|;OptionExerciseStyle:AMER|;ExpiryDate:2020-08-21|;DeliveryType:PHYS|,G,1,,,,,,,,74461140,,,,Y,,,OCASPS,,,,P
FALSE,DE000C4889E7,EUR,XEUR,19979401,Jane4,ABCDEFGHIJKL,,DMA,,,00:55:50,,457,2,B,,,,,BigBank,,,,,,Y,,5.000004570.00InstIdentCode:DE000C4889E7|;InstFullName:DAX|;InstClassification:OPEICS|;NotionalCurr:EUR|;PriceMultiplier:5.0|;UnderlInstCode:DE0008469008|;UnderlIndexName:DAX PERFORMANCE-INDEX|;OptionType:PUTO|;StrikePrice:11500.0|;OptionExerciseStyle:EURO|;ExpiryDate:2021-03-22|;DeliveryType:PHYS|,F,100000045,1,,,,InstIdentCode:DE000C4889E7|;InstFullName:DAX|;InstClassification:OPEICS|;NotionalCurr:EUR|;PriceMultiplier:5.0|;UnderlInstCode:DE0008469008|;UnderlIndexName:DAX PERFORMANCE-INDEX|;OptionType:PUTO|;StrikePrice:11500.0|;OptionExerciseStyle:EURO|;ExpiryDate:2021-03-22|;DeliveryType:PHYS|,G,1,,,,,,,,74551824,,,,Y,,,OPEICS,,,,R
FALSE,DE000C2Q0WP2,EUR,XEUR,19978903,Jane4,ABCDEFGHIJKL,,DMA,,,00:59:07,,3248,2,B,,,,,BigBank,,,,,,Y,,10.0000064960.00InstIdentCode:DE000C2Q0WP2|;InstFullName:ESTX 50 Index|;InstClassification:FFICSX|;NotionalCurr:EUR|;PriceMultiplier:10.0|;UnderlInstCode:EU0009658145|;UnderlIndexName:ESTX 50 PR.EUR|;OptionType:OTHR|;StrikePrice:0.0|;OptionExerciseStyle:|;ExpiryDate:2020-09-18|;DeliveryType:PHYS|,F,100000046,1,,,,InstIdentCode:DE000C2Q0WP2|;InstFullName:ESTX 50 Index|;InstClassification:FFICSX|;NotionalCurr:EUR|;PriceMultiplier:10.0|;UnderlInstCode:EU0009658145|;UnderlIndexName:ESTX 50 PR.EUR|;OptionType:OTHR|;StrikePrice:0.0|;OptionExerciseStyle:|;ExpiryDate:2020-09-18|;DeliveryType:PHYS|,G,1,,,,,,,,74474935,,,,Y,,,FFICSX,,,,P
FALSE,IT0014336496,EUR,XDMI,19978405,Jane14,ABCDEFGHIJKL,,DMA,,,00:28:34,,0.023,20,S,,,,,BigBank,,,,,,Y,,1000.00000460.00InstIdentCode:IT0014336496|;InstFullName:Telecom Italia S.p.A.|;InstClassification:OCASPS|;NotionalCurr:EUR|;PriceMultiplier:1000.0|;UnderlInstCode:IT0003497168|;UnderlIndexName:|;OptionType:CALL|;StrikePrice:0.4|;OptionExerciseStyle:AMER|;ExpiryDate:2020-12-18|;DeliveryType:PHYS|,F,100000047,,,,,InstIdentCode:IT0014336496|;InstFullName:Telecom Italia S.p.A.|;InstClassification:OCASPS|;NotionalCurr:EUR|;PriceMultiplier:1000.0|;UnderlInstCode:IT0003497168|;UnderlIndexName:|;OptionType:CALL|;StrikePrice:0.4|;OptionExerciseStyle:AMER|;ExpiryDate:2020-12-18|;DeliveryType:PHYS|,G,1,,,,,,,,74500201,,,,Y,,,OCASPS,,,,P
FALSE,DE000C4FPQB9,EUR,XEUR,19977907,Jane4,ABCDEFGHIJKL,,DMA,,,00:10:16,,25.1,5,B,,,,,BigBank,,,,,,Y,,10.000001255.00InstIdentCode:DE000C4FPQB9|;InstFullName:ESTX 50 Index|;InstClassification:OCEICS|;NotionalCurr:EUR|;PriceMultiplier:10.0|;UnderlInstCode:EU0009658145|;UnderlIndexName:ESTX 50 PR.EUR|;OptionType:CALL|;StrikePrice:3400.0|;OptionExerciseStyle:EURO|;ExpiryDate:2020-09-21|;DeliveryType:PHYS|,F,100000048,1,,,,InstIdentCode:DE000C4FPQB9|;InstFullName:ESTX 50 Index|;InstClassification:OCEICS|;NotionalCurr:EUR|;PriceMultiplier:10.0|;UnderlInstCode:EU0009658145|;UnderlIndexName:ESTX 50 PR.EUR|;OptionType:CALL|;StrikePrice:3400.0|;OptionExerciseStyle:EURO|;ExpiryDate:2020-09-21|;DeliveryType:PHYS|,G,1,,,,,,,,74482420,,,,Y,,,OCEICS,,,,P
FALSE,O:EVH\I20\12.5,USD,XCBO,19977409,Bob27,ABCDEFGHIJKL,,XXX_DMA,,,00:47:50,,1.432759,7,B,,,,,BigBank,,,,,,Y,,100.000001002.93InstIdentCode:EVH|;InstFullName:Evolent Health Inc.|;InstClassification:OCASPS|;NotionalCurr:USD|;PriceMultiplier:100.0|;UnderlInstCode:US30050B1017|;UnderlIndexName:|;OptionType:CALL|;StrikePrice:12.5|;OptionExerciseStyle:AMER|;ExpiryDate:2020-09-18|;DeliveryType:PHYS|,F,100000049,,,,,InstIdentCode:EVH|;InstFullName:Evolent Health Inc.|;InstClassification:OCASPS|;NotionalCurr:USD|;PriceMultiplier:100.0|;UnderlInstCode:US30050B1017|;UnderlIndexName:|;OptionType:CALL|;StrikePrice:12.5|;OptionExerciseStyle:AMER|;ExpiryDate:2020-09-18|;DeliveryType:PHYS|,G,1,,,,,,,,74462408,,,,Y,,,OCASPS,,,,P
FALSE,DE000C4SA5W8,EUR,XEUR,19976911,Bob11,ABCDEFGHIJKL,,DMA,,,00:04:02,,12640,15,S,,,,,BigBank,,,,,,Y,,25.000004740000.00InstIdentCode:DE000C4SA5W8|;InstFullName:DAX|;InstClassification:FFICSX|;NotionalCurr:EUR|;PriceMultiplier:25.0|;UnderlInstCode:DE0008469008|;UnderlIndexName:DAX PERFORMANCE-INDEX|;OptionType:OTHR|;StrikePrice:0.0|;OptionExerciseStyle:|;ExpiryDate:2020-09-18|;DeliveryType:PHYS|,F,100000050,1,,,,InstIdentCode:DE000C4SA5W8|;InstFullName:DAX|;InstClassification:FFICSX|;NotionalCurr:EUR|;PriceMultiplier:25.0|;UnderlInstCode:DE0008469008|;UnderlIndexName:DAX PERFORMANCE-INDEX|;OptionType:OTHR|;StrikePrice:0.0|;OptionExerciseStyle:|;ExpiryDate:2020-09-18|;DeliveryType:PHYS|,G,1,,,,,,,,74472503,,,,Y,,,FFICSX,,,,P
FALSE,F:ES\U20,USD,XCME,19976413,Bob11,ABCDEFGHIJKL,,YY_DMA,,,00:08:50,,3360.5,25,B,,,,,BigBank,,,,,,Y,,50.000004200625.00InstIdentCode:ES|;InstFullName:E-Mini S&P 500Index|;InstClassification:FFICSX|;NotionalCurr:USD|;PriceMultiplier:50.0|;UnderlInstCode:US78378X1072|;UnderlIndexName:S+P 500|;OptionType:OTHR|;StrikePrice:0.0|;OptionExerciseStyle:|;ExpiryDate:2020-09-18|;DeliveryType:PHYS|,F,100000051,,,,,InstIdentCode:ES|;InstFullName:E-Mini S&P 500Index|;InstClassification:FFICSX|;NotionalCurr:USD|;PriceMultiplier:50.0|;UnderlInstCode:US78378X1072|;UnderlIndexName:S+P 500|;OptionType:OTHR|;StrikePrice:0.0|;OptionExerciseStyle:|;ExpiryDate:2020-09-18|;DeliveryType:PHYS|,G,1,,,,,,,,74518011,,,,Y,,,FFICSX,,,,P
FALSE,O:BNTX\U20\65,USD,XCBO,19975915,Jane4,ABCDEFGHIJKL,,XXX_DMA,,,00:21:53,,5.59,3,B,,,,,BigBank,,,,,,Y,,100.000001677.00InstIdentCode:BNTX|;InstFullName:BioNTech SE|;InstClassification:OPASPS|;NotionalCurr:USD|;PriceMultiplier:100.0|;UnderlInstCode:US09075V1026|;UnderlIndexName:|;OptionType:PUTO|;StrikePrice:65.0|;OptionExerciseStyle:AMER|;ExpiryDate:2020-09-18|;DeliveryType:PHYS|,F,100000052,,,,,InstIdentCode:BNTX|;InstFullName:BioNTech SE|;InstClassification:OPASPS|;NotionalCurr:USD|;PriceMultiplier:100.0|;UnderlInstCode:US09075V1026|;UnderlIndexName:|;OptionType:PUTO|;StrikePrice:65.0|;OptionExerciseStyle:AMER|;ExpiryDate:2020-09-18|;DeliveryType:PHYS|,G,1,,,,,,,,74483349,,,,Y,,,OPASPS,,,,P
FALSE,GB00HF8SC317,GBP,IFLL,19975417,Jane4,ABCDEFGHIJKL,,DMA,,,00:11:12,,136.63,50,B,,,,,BigBank,,,,,,Y,,1000.000006831500.00InstIdentCode:GB00HF8SC317|;InstFullName:Long Gilt|;InstClassification:FFDPSX|;NotionalCurr:GBP|;PriceMultiplier:1000.0|;UnderlInstCode:GB00B24FF097|;UnderlIndexName:|;OptionType:OTHR|;StrikePrice:0.0|;OptionExerciseStyle:|;ExpiryDate:2020-09-29|;DeliveryType:PHYS|,F,100000053,,,,,InstIdentCode:GB00HF8SC317|;InstFullName:Long Gilt|;InstClassification:FFDPSX|;NotionalCurr:GBP|;PriceMultiplier:1000.0|;UnderlInstCode:GB00B24FF097|;UnderlIndexName:|;OptionType:OTHR|;StrikePrice:0.0|;OptionExerciseStyle:|;ExpiryDate:2020-09-29|;DeliveryType:PHYS|,C,1,,,,,,,,74532366,,,,Y,,,FFDPSX,,,,P
FALSE,O:KPTI\U20\15,USD,XCBO,19974919,Bob27,ABCDEFGHIJKL,,XXX_DMA,,,00:01:45,,1.57,2,B,,,,,BigBank,,,,,,Y,,100.00000314.00InstIdentCode:KPTI|;InstFullName:Karyopharm Therapeutics Inc.|;InstClassification:OPASPS|;NotionalCurr:USD|;PriceMultiplier:100.0|;UnderlInstCode:US48576U1060|;UnderlIndexName:|;OptionType:PUTO|;StrikePrice:15.0|;OptionExerciseStyle:AMER|;ExpiryDate:2020-09-18|;DeliveryType:PHYS|,F,100000054,,,,,InstIdentCode:KPTI|;InstFullName:Karyopharm Therapeutics Inc.|;InstClassification:OPASPS|;NotionalCurr:USD|;PriceMultiplier:100.0|;UnderlInstCode:US48576U1060|;UnderlIndexName:|;OptionType:PUTO|;StrikePrice:15.0|;OptionExerciseStyle:AMER|;ExpiryDate:2020-09-18|;DeliveryType:PHYS|,G,1,,,,,,,,74455538,,,,Y,,,OPASPS,,,,P
FALSE,DE000C4QFCK8,EUR,XEUR,19974421,Jane13,ABCDEFGHIJKL,,DMA,,,00:35:03,,175.25,5,B,,,,,BigBank,,,,,,Y,,1000.00000876250.00InstIdentCode:DE000C4QFCK8|;InstFullName:Euro-Bund-Future|;InstClassification:FFDPSX|;NotionalCurr:EUR|;PriceMultiplier:1000.0|;UnderlInstCode:DE0001102473|;UnderlIndexName:|;OptionType:OTHR|;StrikePrice:0.0|;OptionExerciseStyle:|;ExpiryDate:2020-09-08|;DeliveryType:PHYS|,F,100000055,2,,,,InstIdentCode:DE000C4QFCK8|;InstFullName:Euro-Bund-Future|;InstClassification:FFDPSX|;NotionalCurr:EUR|;PriceMultiplier:1000.0|;UnderlInstCode:DE0001102473|;UnderlIndexName:|;OptionType:OTHR|;StrikePrice:0.0|;OptionExerciseStyle:|;ExpiryDate:2020-09-08|;DeliveryType:PHYS|,C,1,,,,,,,,74556772,,,,Y,,,FFDPSX,,,,P
FALSE,DE000C4MFEN7,EUR,XEUR,19973923,Jane13,ABCDEFGHIJKL,,DMA,,,00:21:54,,5.41,250,S,,,,,BigBank,,,,,,Y,,100.00000135250.00InstIdentCode:DE000C4MFEN7|;InstFullName:MUENCHENER RUECKVERS.-GES. AG|;InstClassification:OCASPS|;NotionalCurr:EUR|;PriceMultiplier:100.0|;UnderlInstCode:DE0008430026|;UnderlIndexName:|;OptionType:CALL|;StrikePrice:260.0|;OptionExerciseStyle:AMER|;ExpiryDate:2020-12-21|;DeliveryType:PHYS|,F,100000056,,,,,InstIdentCode:DE000C4MFEN7|;InstFullName:MUENCHENER RUECKVERS.-GES. AG|;InstClassification:OCASPS|;NotionalCurr:EUR|;PriceMultiplier:100.0|;UnderlInstCode:DE0008430026|;UnderlIndexName:|;OptionType:CALL|;StrikePrice:260.0|;OptionExerciseStyle:AMER|;ExpiryDate:2020-12-21|;DeliveryType:PHYS|,G,1,,,,,,,,74467177,,,,Y,,,OCASPS,,,,P
FALSE,DE000C4FP8Q2,EUR,XEUR,19973425,Bob11,ABCDEFGHIJKL,,DMA,,,00:32:27,,49.7,20,S,,,,,BigBank,,,,,,Y,,5.000004970.00InstIdentCode:DE000C4FP8Q2|;InstFullName:DAX|;InstClassification:OPEICS|;NotionalCurr:EUR|;PriceMultiplier:5.0|;UnderlInstCode:DE0008469008|;UnderlIndexName:DAX PERFORMANCE-INDEX|;OptionType:PUTO|;StrikePrice:12000.0|;OptionExerciseStyle:EURO|;ExpiryDate:2020-09-21|;DeliveryType:PHYS|,F,100000057,1,,,,InstIdentCode:DE000C4FP8Q2|;InstFullName:DAX|;InstClassification:OPEICS|;NotionalCurr:EUR|;PriceMultiplier:5.0|;UnderlInstCode:DE0008469008|;UnderlIndexName:DAX PERFORMANCE-INDEX|;OptionType:PUTO|;StrikePrice:12000.0|;OptionExerciseStyle:EURO|;ExpiryDate:2020-09-21|;DeliveryType:PHYS|,G,1,,,,,,,,74531398,,,,Y,,,OPEICS,,,,R
FALSE,DE000C4SA7H5,CHF,XEUR,19972927,Jane1,ABCDEFGHIJKL,,DMA,,,00:22:45,,10192,1,S,,,,,BigBank,,,,,,Y,,10.00000101920.00InstIdentCode:DE000C4SA7H5|;InstFullName:SWISS MARKET INDEX (SMI)|;InstClassification:FFICSX|;NotionalCurr:CHF|;PriceMultiplier:10.0|;UnderlInstCode:CH0009980894|;UnderlIndexName:SMI PR CHF|;OptionType:OTHR|;StrikePrice:0.0|;OptionExerciseStyle:|;ExpiryDate:2020-09-18|;DeliveryType:PHYS|,F,100000058,1,,,,InstIdentCode:DE000C4SA7H5|;InstFullName:SWISS MARKET INDEX (SMI)|;InstClassification:FFICSX|;NotionalCurr:CHF|;PriceMultiplier:10.0|;UnderlInstCode:CH0009980894|;UnderlIndexName:SMI PR CHF|;OptionType:OTHR|;StrikePrice:0.0|;OptionExerciseStyle:|;ExpiryDate:2020-09-18|;DeliveryType:PHYS|,G,1,,,,,,,,74550416,,,,Y,,,FFICSX,,,,P
FALSE,F:VX\V20,USD,XCBF,19972429,Jane1,ABCDEFGHIJKL,,YY_DMA,,,00:08:11,,30.03,11,S,,,,,BigBank,,,,,,Y,,1000.00000330330.00InstIdentCode:VX|;InstFullName:CBOE Volatility Index (VIX)|;InstClassification:FFICSX|;NotionalCurr:USD|;PriceMultiplier:1000.0|;UnderlInstCode:XC000A0AEQW2|;UnderlIndexName:CBOE VOLATILITY|;OptionType:OTHR|;StrikePrice:0.0|;OptionExerciseStyle:|;ExpiryDate:2020-10-21|;DeliveryType:PHYS|,F,100000059,,,,,InstIdentCode:VX|;InstFullName:CBOE Volatility Index (VIX)|;InstClassification:FFICSX|;NotionalCurr:USD|;PriceMultiplier:1000.0|;UnderlInstCode:XC000A0AEQW2|;UnderlIndexName:CBOE VOLATILITY|;OptionType:OTHR|;StrikePrice:0.0|;OptionExerciseStyle:|;ExpiryDate:2020-10-21|;DeliveryType:PHYS|,G,1,,,,,,,,74535344,,,,Y,,,FFICSX,,,,P
FALSE,PL0GF0019331,PLN,WDER,19971931,Bob27,ABCDEFGHIJKL,,ZZZ_DMA,,,00:38:51,,1833,1,S,,,,,BigBank,,,,,,Y,,20.0000036660.00InstIdentCode:PL0GF0019331|;InstFullName:Wig 20 Index|;InstClassification:FFICSX|;NotionalCurr:PLN|;PriceMultiplier:20.0|;UnderlInstCode:PL9999999987|;UnderlIndexName:WIG20 PLN|;OptionType:OTHR|;StrikePrice:0.0|;OptionExerciseStyle:|;ExpiryDate:2020-09-18|;DeliveryType:PHYS|,F,100000060,,,,,InstIdentCode:PL0GF0019331|;InstFullName:Wig 20 Index|;InstClassification:FFICSX|;NotionalCurr:PLN|;PriceMultiplier:20.0|;UnderlInstCode:PL9999999987|;UnderlIndexName:WIG20 PLN|;OptionType:OTHR|;StrikePrice:0.0|;OptionExerciseStyle:|;ExpiryDate:2020-09-18|;DeliveryType:PHYS|,G,1,,,,,,,,74466129,,,,Y,,,FFICSX,,,,P
FALSE,O:VYGR\U20\10,USD,XCBO,19971433,Jane13,ABCDEFGHIJKL,,XXX_DMA,,,00:43:18,,1.02,10,B,,,,,BigBank,,,,,,Y,,100.000001020.00InstIdentCode:VYGR|;InstFullName:Voyager Therapeutics Inc.|;InstClassification:OPASPS|;NotionalCurr:USD|;PriceMultiplier:100.0|;UnderlInstCode:US92915B1061|;UnderlIndexName:|;OptionType:PUTO|;StrikePrice:10.0|;OptionExerciseStyle:AMER|;ExpiryDate:2020-09-18|;DeliveryType:PHYS|,F,100000061,,,,,InstIdentCode:VYGR|;InstFullName:Voyager Therapeutics Inc.|;InstClassification:OPASPS|;NotionalCurr:USD|;PriceMultiplier:100.0|;UnderlInstCode:US92915B1061|;UnderlIndexName:|;OptionType:PUTO|;StrikePrice:10.0|;OptionExerciseStyle:AMER|;ExpiryDate:2020-09-18|;DeliveryType:PHYS|,G,1,,,,,,,,74479171,,,,Y,,,OPASPS,,,,P
FALSE,O:MDT\T20\105,USD,AMXO,19970935,Jane13,ABCDEFGHIJKL,,XXX_DMA,,,00:43:38,,3.54,5,B,,,,,BigBank,,,,,,Y,,100.000001770.00InstIdentCode:MDT|;InstFullName:Medtronic PLC|;InstClassification:OPASPS|;NotionalCurr:USD|;PriceMultiplier:100.0|;UnderlInstCode:IE00BTN1Y115|;UnderlIndexName:|;OptionType:PUTO|;StrikePrice:105.0|;OptionExerciseStyle:AMER|;ExpiryDate:2020-08-21|;DeliveryType:PHYS|,F,100000062,,,,,InstIdentCode:MDT|;InstFullName:Medtronic PLC|;InstClassification:OPASPS|;NotionalCurr:USD|;PriceMultiplier:100.0|;UnderlInstCode:IE00BTN1Y115|;UnderlIndexName:|;OptionType:PUTO|;StrikePrice:105.0|;OptionExerciseStyle:AMER|;ExpiryDate:2020-08-21|;DeliveryType:PHYS|,G,1,,,,,,,,74515055,,,,Y,,,OPASPS,,,,P
FALSE,O:MR\I20\5,USD,XCBO,19970437,Bob27,ABCDEFGHIJKL,,XXX_DMA,,,00:23:45,,0.8594,12,B,,,,,BigBank,,,,,,Y,,100.000001031.28InstIdentCode:MR|;InstFullName:Montage Resources Corp.|;InstClassification:OCASPS|;NotionalCurr:USD|;PriceMultiplier:100.0|;UnderlInstCode:US61179L1008|;UnderlIndexName:|;OptionType:CALL|;StrikePrice:5.0|;OptionExerciseStyle:AMER|;ExpiryDate:2020-09-18|;DeliveryType:PHYS|,F,100000063,,,,,InstIdentCode:MR|;InstFullName:Montage Resources Corp.|;InstClassification:OCASPS|;NotionalCurr:USD|;PriceMultiplier:100.0|;UnderlInstCode:US61179L1008|;UnderlIndexName:|;OptionType:CALL|;StrikePrice:5.0|;OptionExerciseStyle:AMER|;ExpiryDate:2020-09-18|;DeliveryType:PHYS|,G,1,,,,,,,,74474208,,,,Y,,,OCASPS,,,,P
FALSE,O:CRK\U20\6,USD,XCBO,19969939,Jane11,ABCDEFGHIJKL,,XXX_DMA,,,00:17:27,,0.56904,5,B,,,,,BigBank,,,,,,Y,,100.00000284.52InstIdentCode:CRK|;InstFullName:Comstock Resources Inc.|;InstClassification:OPASPS|;NotionalCurr:USD|;PriceMultiplier:100.0|;UnderlInstCode:US2057683029|;UnderlIndexName:|;OptionType:PUTO|;StrikePrice:6.0|;OptionExerciseStyle:AMER|;ExpiryDate:2020-09-18|;DeliveryType:PHYS|,F,100000064,,,,,InstIdentCode:CRK|;InstFullName:Comstock Resources Inc.|;InstClassification:OPASPS|;NotionalCurr:USD|;PriceMultiplier:100.0|;UnderlInstCode:US2057683029|;UnderlIndexName:|;OptionType:PUTO|;StrikePrice:6.0|;OptionExerciseStyle:AMER|;ExpiryDate:2020-09-18|;DeliveryType:PHYS|,G,1,,,,,,,,74468295,,,,Y,,,OPASPS,,,,P
FALSE,DE000C4FP9F3,EUR,XEUR,19969441,Jane11,ABCDEFGHIJKL,,DMA,,,00:43:30,,114.7,2,S,,,,,BigBank,,,,,,Y,,5.000001147.00InstIdentCode:DE000C4FP9F3|;InstFullName:DAX|;InstClassification:OCEICS|;NotionalCurr:EUR|;PriceMultiplier:5.0|;UnderlInstCode:DE0008469008|;UnderlIndexName:DAX PERFORMANCE-INDEX|;OptionType:CALL|;StrikePrice:13300.0|;OptionExerciseStyle:EURO|;ExpiryDate:2020-09-21|;DeliveryType:PHYS|,F,100000065,1,,,,InstIdentCode:DE000C4FP9F3|;InstFullName:DAX|;InstClassification:OCEICS|;NotionalCurr:EUR|;PriceMultiplier:5.0|;UnderlInstCode:DE0008469008|;UnderlIndexName:DAX PERFORMANCE-INDEX|;OptionType:CALL|;StrikePrice:13300.0|;OptionExerciseStyle:EURO|;ExpiryDate:2020-09-21|;DeliveryType:PHYS|,G,1,,,,,,,,74514011,,,,Y,,,OCEICS,,,,R
FALSE,F:ES\U20,USD,XCME,19968943,Bob27,ABCDEFGHIJKL,,YY_DMA,,,00:30:50,,3439.14,50,B,,,,,BigBank,,,,,,Y,,50.000008597850.00InstIdentCode:ES|;InstFullName:E-Mini S&P 500Index|;InstClassification:FFICSX|;NotionalCurr:USD|;PriceMultiplier:50.0|;UnderlInstCode:US78378X1072|;UnderlIndexName:S+P 500|;OptionType:OTHR|;StrikePrice:0.0|;OptionExerciseStyle:|;ExpiryDate:2020-09-18|;DeliveryType:PHYS|,F,100000066,,,,,InstIdentCode:ES|;InstFullName:E-Mini S&P 500Index|;InstClassification:FFICSX|;NotionalCurr:USD|;PriceMultiplier:50.0|;UnderlInstCode:US78378X1072|;UnderlIndexName:S+P 500|;OptionType:OTHR|;StrikePrice:0.0|;OptionExerciseStyle:|;ExpiryDate:2020-09-18|;DeliveryType:PHYS|,G,1,,,,,,,,74535354,,,,Y,,,FFICSX,,,,P
FALSE,PL0GF0019331,PLN,WDER,19968445,Jane1,ABCDEFGHIJKL,,ZZZ_DMA,,,00:39:16,,1832,1,S,,,,,BigBank,,,,,,Y,,20.0000036640.00InstIdentCode:PL0GF0019331|;InstFullName:Wig 20 Index|;InstClassification:FFICSX|;NotionalCurr:PLN|;PriceMultiplier:20.0|;UnderlInstCode:PL9999999987|;UnderlIndexName:WIG20 PLN|;OptionType:OTHR|;StrikePrice:0.0|;OptionExerciseStyle:|;ExpiryDate:2020-09-18|;DeliveryType:PHYS|,F,100000067,,,,,InstIdentCode:PL0GF0019331|;InstFullName:Wig 20 Index|;InstClassification:FFICSX|;NotionalCurr:PLN|;PriceMultiplier:20.0|;UnderlInstCode:PL9999999987|;UnderlIndexName:WIG20 PLN|;OptionType:OTHR|;StrikePrice:0.0|;OptionExerciseStyle:|;ExpiryDate:2020-09-18|;DeliveryType:PHYS|,G,1,,,,,,,,74466130,,,,Y,,,FFICSX,,,,P
FALSE,DE000C4SA5W8,EUR,XEUR,19967947,Jane1,ABCDEFGHIJKL,,DMA,,,00:54:36,,13225,1,B,,,,,BigBank,,,,,,Y,,25.00000330625.00InstIdentCode:DE000C4SA5W8|;InstFullName:DAX|;InstClassification:FFICSX|;NotionalCurr:EUR|;PriceMultiplier:25.0|;UnderlInstCode:DE0008469008|;UnderlIndexName:DAX PERFORMANCE-INDEX|;OptionType:OTHR|;StrikePrice:0.0|;OptionExerciseStyle:|;ExpiryDate:2020-09-18|;DeliveryType:PHYS|,F,100000068,2,,,,InstIdentCode:DE000C4SA5W8|;InstFullName:DAX|;InstClassification:FFICSX|;NotionalCurr:EUR|;PriceMultiplier:25.0|;UnderlInstCode:DE0008469008|;UnderlIndexName:DAX PERFORMANCE-INDEX|;OptionType:OTHR|;StrikePrice:0.0|;OptionExerciseStyle:|;ExpiryDate:2020-09-18|;DeliveryType:PHYS|,G,1,,,,,,,,74542935,,,,Y,,,FFICSX,,,,P
FALSE,O:MSFT14\T20\207.5,USD,AMXO,19967449,Bob27,ABCDEFGHIJKL,,XXX_DMA,,,00:10:43,,0.16,1,B,,,,,BigBank,,,,,,Y,,100.0000016.00InstIdentCode:MSFT14|;InstFullName:MICROSOFT CORP.|;InstClassification:OPASPS|;NotionalCurr:USD|;PriceMultiplier:100.0|;UnderlInstCode:US5949181045|;UnderlIndexName:|;OptionType:PUTO|;StrikePrice:207.5|;OptionExerciseStyle:AMER|;ExpiryDate:2020-08-14|;DeliveryType:PHYS|,F,100000069,,,,,InstIdentCode:MSFT14|;InstFullName:MICROSOFT CORP.|;InstClassification:OPASPS|;NotionalCurr:USD|;PriceMultiplier:100.0|;UnderlInstCode:US5949181045|;UnderlIndexName:|;OptionType:PUTO|;StrikePrice:207.5|;OptionExerciseStyle:AMER|;ExpiryDate:2020-08-14|;DeliveryType:PHYS|,G,1,,,,,,,,74502221,,,,Y,,,OPASPS,,,,R
FALSE,IT0016588466,EUR,XDMI,19966951,Jane1,ABCDEFGHIJKL,,DMA,,,00:10:17,,0.22,10,S,,,,,BigBank,,,,,,Y,,100.00000220.00InstIdentCode:IT0016588466|;InstFullName:ASSICURAZIONI GENERALI S.P.A.|;InstClassification:OPASPS|;NotionalCurr:EUR|;PriceMultiplier:100.0|;UnderlInstCode:IT0000062072|;UnderlIndexName:|;OptionType:PUTO|;StrikePrice:12.0|;OptionExerciseStyle:AMER|;ExpiryDate:2020-09-18|;DeliveryType:PHYS|,F,100000070,,,,,InstIdentCode:IT0016588466|;InstFullName:ASSICURAZIONI GENERALI S.P.A.|;InstClassification:OPASPS|;NotionalCurr:EUR|;PriceMultiplier:100.0|;UnderlInstCode:IT0000062072|;UnderlIndexName:|;OptionType:PUTO|;StrikePrice:12.0|;OptionExerciseStyle:AMER|;ExpiryDate:2020-09-18|;DeliveryType:PHYS|,G,1,,,,,,,,74454666,,,,Y,,,OPASPS,,,,P
FALSE,GB00HF8SC317,GBP,IFLL,19966453,Bob11,ABCDEFGHIJKL,,DMA,,,00:10:51,,136.86,50,B,,,,,BigBank,,,,,,Y,,1000.000006843000.00InstIdentCode:GB00HF8SC317|;InstFullName:Long Gilt|;InstClassification:FFDPSX|;NotionalCurr:GBP|;PriceMultiplier:1000.0|;UnderlInstCode:GB00B24FF097|;UnderlIndexName:|;OptionType:OTHR|;StrikePrice:0.0|;OptionExerciseStyle:|;ExpiryDate:2020-09-29|;DeliveryType:PHYS|,F,100000071,,,,,InstIdentCode:GB00HF8SC317|;InstFullName:Long Gilt|;InstClassification:FFDPSX|;NotionalCurr:GBP|;PriceMultiplier:1000.0|;UnderlInstCode:GB00B24FF097|;UnderlIndexName:|;OptionType:OTHR|;StrikePrice:0.0|;OptionExerciseStyle:|;ExpiryDate:2020-09-29|;DeliveryType:PHYS|,C,1,,,,,,,,74492250,,,,Y,,,FFDPSX,,,,P
FALSE,DE000P8BM611,EUR,XEUR,19965955,Bob27,ABCDEFGHIJKL,,DMA,,,00:32:17,,241.7,10,S,,,,,BigBank,,,,,,Y,,5.0000012085.00InstIdentCode:DE000P8BM611|;InstFullName:DAX|;InstClassification:OPEICS|;NotionalCurr:EUR|;PriceMultiplier:5.0|;UnderlInstCode:DE0008469008|;UnderlIndexName:DAX PERFORMANCE-INDEX|;OptionType:PUTO|;StrikePrice:10600.0|;OptionExerciseStyle:EURO|;ExpiryDate:2020-12-21|;DeliveryType:PHYS|,F,100000072,1,,,,InstIdentCode:DE000P8BM611|;InstFullName:DAX|;InstClassification:OPEICS|;NotionalCurr:EUR|;PriceMultiplier:5.0|;UnderlInstCode:DE0008469008|;UnderlIndexName:DAX PERFORMANCE-INDEX|;OptionType:PUTO|;StrikePrice:10600.0|;OptionExerciseStyle:EURO|;ExpiryDate:2020-12-21|;DeliveryType:PHYS|,G,1,,,,,,,,74467182,,,,Y,,,OPEICS,,,,R
FALSE,O:MDT\W20\100,USD,AMXO,19965457,Jane11,ABCDEFGHIJKL,,XXX_DMA,,,00:43:51,,5.06,5,S,,,,,BigBank,,,,,,Y,,100.000002530.00InstIdentCode:MDT|;InstFullName:Medtronic PLC|;InstClassification:OPASPS|;NotionalCurr:USD|;PriceMultiplier:100.0|;UnderlInstCode:IE00BTN1Y115|;UnderlIndexName:|;OptionType:PUTO|;StrikePrice:100.0|;OptionExerciseStyle:AMER|;ExpiryDate:2020-11-20|;DeliveryType:PHYS|,F,100000073,,,,,InstIdentCode:MDT|;InstFullName:Medtronic PLC|;InstClassification:OPASPS|;NotionalCurr:USD|;PriceMultiplier:100.0|;UnderlInstCode:IE00BTN1Y115|;UnderlIndexName:|;OptionType:PUTO|;StrikePrice:100.0|;OptionExerciseStyle:AMER|;ExpiryDate:2020-11-20|;DeliveryType:PHYS|,G,1,,,,,,,,74515056,,,,Y,,,OPASPS,,,,P
FALSE,O:SPX\V20\2900,USD,XCBO,19964959,Jane11,ABCDEFGHIJKL,,XXX_DMA,,,00:41:46,,15,15,S,,,,,BigBank,,,,,,Y,,100.0000022500.00InstIdentCode:SPX|;InstFullName:S&P 500 Index|;InstClassification:OPEICS|;NotionalCurr:USD|;PriceMultiplier:100.0|;UnderlInstCode:US78378X1072|;UnderlIndexName:S+P 500|;OptionType:PUTO|;StrikePrice:2900.0|;OptionExerciseStyle:EURO|;ExpiryDate:2020-10-16|;DeliveryType:PHYS|,F,100000074,,,,,InstIdentCode:SPX|;InstFullName:S&P 500 Index|;InstClassification:OPEICS|;NotionalCurr:USD|;PriceMultiplier:100.0|;UnderlInstCode:US78378X1072|;UnderlIndexName:S+P 500|;OptionType:PUTO|;StrikePrice:2900.0|;OptionExerciseStyle:EURO|;ExpiryDate:2020-10-16|;DeliveryType:PHYS|,G,1,,,,,,,,74546362,,,,Y,,,OPEICS,,,,P
FALSE,O:EVH\I20\12.5,USD,XCBO,19964461,Bob27,ABCDEFGHIJKL,,XXX_DMA,,,00:47:50,,1.432759,7,B,,,,,BigBank,,,,,,Y,,100.000001002.93InstIdentCode:EVH|;InstFullName:Evolent Health Inc.|;InstClassification:OCASPS|;NotionalCurr:USD|;PriceMultiplier:100.0|;UnderlInstCode:US30050B1017|;UnderlIndexName:|;OptionType:CALL|;StrikePrice:12.5|;OptionExerciseStyle:AMER|;ExpiryDate:2020-09-18|;DeliveryType:PHYS|,F,100000075,,,,,InstIdentCode:EVH|;InstFullName:Evolent Health Inc.|;InstClassification:OCASPS|;NotionalCurr:USD|;PriceMultiplier:100.0|;UnderlInstCode:US30050B1017|;UnderlIndexName:|;OptionType:CALL|;StrikePrice:12.5|;OptionExerciseStyle:AMER|;ExpiryDate:2020-09-18|;DeliveryType:PHYS|,G,1,,,,,,,,74462409,,,,Y,,,OCASPS,,,,P
FALSE,O:CNR\U20\7.5,USD,XCBO,19963963,Bob11,ABCDEFGHIJKL,,XXX_DMA,,,00:18:35,,0.881647,4,B,,,,,BigBank,,,,,,Y,,100.00000352.66InstIdentCode:CNR|;InstFullName:Cornerstone Building Brand.Inc|;InstClassification:OPASPS|;NotionalCurr:USD|;PriceMultiplier:100.0|;UnderlInstCode:US21925D1090|;UnderlIndexName:|;OptionType:PUTO|;StrikePrice:7.5|;OptionExerciseStyle:AMER|;ExpiryDate:2020-09-18|;DeliveryType:PHYS|,F,100000076,,,,,InstIdentCode:CNR|;InstFullName:Cornerstone Building Brand.Inc|;InstClassification:OPASPS|;NotionalCurr:USD|;PriceMultiplier:100.0|;UnderlInstCode:US21925D1090|;UnderlIndexName:|;OptionType:PUTO|;StrikePrice:7.5|;OptionExerciseStyle:AMER|;ExpiryDate:2020-09-18|;DeliveryType:PHYS|,G,1,,,,,,,,74487436,,,,Y,,,OPASPS,,,,P
FALSE,DE000C5BES32,EUR,XEUR,19963465,Bob11,ABCDEFGHIJKL,,DMA,,,00:10:23,,30.2,3,S,,,,,BigBank,,,,,,Y,,10.00000906.00InstIdentCode:DE000C5BES32|;InstFullName:ESTX 50 Index|;InstClassification:OCEICS|;NotionalCurr:EUR|;PriceMultiplier:10.0|;UnderlInstCode:EU0009658145|;UnderlIndexName:ESTX 50 PR.EUR|;OptionType:CALL|;StrikePrice:3450.0|;OptionExerciseStyle:EURO|;ExpiryDate:2020-10-19|;DeliveryType:PHYS|,F,100000077,1,,,,InstIdentCode:DE000C5BES32|;InstFullName:ESTX 50 Index|;InstClassification:OCEICS|;NotionalCurr:EUR|;PriceMultiplier:10.0|;UnderlInstCode:EU0009658145|;UnderlIndexName:ESTX 50 PR.EUR|;OptionType:CALL|;StrikePrice:3450.0|;OptionExerciseStyle:EURO|;ExpiryDate:2020-10-19|;DeliveryType:PHYS|,G,1,,,,,,,,74482421,,,,Y,,,OCEICS,,,,P
FALSE,O:NPTN\U20\10,USD,XCBO,19962967,Jane1,ABCDEFGHIJKL,,XXX_DMA,,,00:11:20,,1.09,3,B,,,,,BigBank,,,,,,Y,,100.00000327.00InstIdentCode:NPTN|;InstFullName:NeoPhotonics Corp.|;InstClassification:OPASPS|;NotionalCurr:USD|;PriceMultiplier:100.0|;UnderlInstCode:US64051T1007|;UnderlIndexName:|;OptionType:PUTO|;StrikePrice:10.0|;OptionExerciseStyle:AMER|;ExpiryDate:2020-09-18|;DeliveryType:PHYS|,F,100000078,,,,,InstIdentCode:NPTN|;InstFullName:NeoPhotonics Corp.|;InstClassification:OPASPS|;NotionalCurr:USD|;PriceMultiplier:100.0|;UnderlInstCode:US64051T1007|;UnderlIndexName:|;OptionType:PUTO|;StrikePrice:10.0|;OptionExerciseStyle:AMER|;ExpiryDate:2020-09-18|;DeliveryType:PHYS|,G,1,,,,,,,,74462630,,,,Y,,,OPASPS,,,,P
FALSE,F:ES\U20,USD,XCME,19962469,Jane11,ABCDEFGHIJKL,,YY_DMA,,,00:04:20,,3360,8,S,,,,,BigBank,,,,,,Y,,50.000001344000.00InstIdentCode:ES|;InstFullName:E-Mini S&P 500Index|;InstClassification:FFICSX|;NotionalCurr:USD|;PriceMultiplier:50.0|;UnderlInstCode:US78378X1072|;UnderlIndexName:S+P 500|;OptionType:OTHR|;StrikePrice:0.0|;OptionExerciseStyle:|;ExpiryDate:2020-09-18|;DeliveryType:PHYS|,F,100000079,,,,,InstIdentCode:ES|;InstFullName:E-Mini S&P 500Index|;InstClassification:FFICSX|;NotionalCurr:USD|;PriceMultiplier:50.0|;UnderlInstCode:US78378X1072|;UnderlIndexName:S+P 500|;OptionType:OTHR|;StrikePrice:0.0|;OptionExerciseStyle:|;ExpiryDate:2020-09-18|;DeliveryType:PHYS|,G,1,,,,,,,,74518012,,,,Y,,,FFICSX,,,,P
FALSE,PL0GF0019331,PLN,WDER,19961971,Jane6,ABCDEFGHIJKL,,ZZZ_DMA,,,00:09:06,,1811,1,B,,,,,BigBank,,,,,,Y,,20.0000036220.00InstIdentCode:PL0GF0019331|;InstFullName:Wig 20 Index|;InstClassification:FFICSX|;NotionalCurr:PLN|;PriceMultiplier:20.0|;UnderlInstCode:PL9999999987|;UnderlIndexName:WIG20 PLN|;OptionType:OTHR|;StrikePrice:0.0|;OptionExerciseStyle:|;ExpiryDate:2020-09-18|;DeliveryType:PHYS|,F,100000080,,,,,InstIdentCode:PL0GF0019331|;InstFullName:Wig 20 Index|;InstClassification:FFICSX|;NotionalCurr:PLN|;PriceMultiplier:20.0|;UnderlInstCode:PL9999999987|;UnderlIndexName:WIG20 PLN|;OptionType:OTHR|;StrikePrice:0.0|;OptionExerciseStyle:|;ExpiryDate:2020-09-18|;DeliveryType:PHYS|,G,1,,,,,,,,74478135,,,,Y,,,FFICSX,,,,P
FALSE,DE000C4QFCK8,EUR,XEUR,19961473,Bob27,ABCDEFGHIJKL,,DMA,,,00:42:19,,177.13,13,S,,,,,BigBank,,,,,,Y,,1000.000002302690.00InstIdentCode:DE000C4QFCK8|;InstFullName:Euro-Bund-Future|;InstClassification:FFDPSX|;NotionalCurr:EUR|;PriceMultiplier:1000.0|;UnderlInstCode:DE0001102473|;UnderlIndexName:|;OptionType:OTHR|;StrikePrice:0.0|;OptionExerciseStyle:|;ExpiryDate:2020-09-08|;DeliveryType:PHYS|,F,100000081,2,,,,InstIdentCode:DE000C4QFCK8|;InstFullName:Euro-Bund-Future|;InstClassification:FFDPSX|;NotionalCurr:EUR|;PriceMultiplier:1000.0|;UnderlInstCode:DE0001102473|;UnderlIndexName:|;OptionType:OTHR|;StrikePrice:0.0|;OptionExerciseStyle:|;ExpiryDate:2020-09-08|;DeliveryType:PHYS|,C,1,,,,,,,,74486320,,,,Y,,,FFDPSX,,,,P
FALSE,DE000C2Q0WP2,EUR,XEUR,19960975,Jane1,ABCDEFGHIJKL,,DMA,,,00:55:27,,3249,5,B,,,,,BigBank,,,,,,Y,,10.00000162450.00InstIdentCode:DE000C2Q0WP2|;InstFullName:ESTX 50 Index|;InstClassification:FFICSX|;NotionalCurr:EUR|;PriceMultiplier:10.0|;UnderlInstCode:EU0009658145|;UnderlIndexName:ESTX 50 PR.EUR|;OptionType:OTHR|;StrikePrice:0.0|;OptionExerciseStyle:|;ExpiryDate:2020-09-18|;DeliveryType:PHYS|,F,100000082,1,,,,InstIdentCode:DE000C2Q0WP2|;InstFullName:ESTX 50 Index|;InstClassification:FFICSX|;NotionalCurr:EUR|;PriceMultiplier:10.0|;UnderlInstCode:EU0009658145|;UnderlIndexName:ESTX 50 PR.EUR|;OptionType:OTHR|;StrikePrice:0.0|;OptionExerciseStyle:|;ExpiryDate:2020-09-18|;DeliveryType:PHYS|,G,1,,,,,,,,74474936,,,,Y,,,FFICSX,,,,P
FALSE,O:BZUN\J20\45,USD,XCBO,19960477,Bob27,ABCDEFGHIJKL,,XXX_DMA,,,00:26:01,,3,3,B,,,,,BigBank,,,,,,Y,,100.00000900.00InstIdentCode:BZUN|;InstFullName:Baozun Inc.|;InstClassification:OCASPS|;NotionalCurr:USD|;PriceMultiplier:100.0|;UnderlInstCode:US06684L1035|;UnderlIndexName:|;OptionType:CALL|;StrikePrice:45.0|;OptionExerciseStyle:AMER|;ExpiryDate:2020-10-16|;DeliveryType:PHYS|,F,100000083,,,,,InstIdentCode:BZUN|;InstFullName:Baozun Inc.|;InstClassification:OCASPS|;NotionalCurr:USD|;PriceMultiplier:100.0|;UnderlInstCode:US06684L1035|;UnderlIndexName:|;OptionType:CALL|;StrikePrice:45.0|;OptionExerciseStyle:AMER|;ExpiryDate:2020-10-16|;DeliveryType:PHYS|,G,1,,,,,,,,74519177,,,,Y,,,OCASPS,,,,P
FALSE,O:MSFT14\T20\215,USD,AMXO,19959979,Bob11,ABCDEFGHIJKL,,XXX_DMA,,,00:08:07,,4.83,2,S,,,,,BigBank,,,,,,Y,,100.00000966.00InstIdentCode:MSFT14|;InstFullName:MICROSOFT CORP.|;InstClassification:OPASPS|;NotionalCurr:USD|;PriceMultiplier:100.0|;UnderlInstCode:US5949181045|;UnderlIndexName:|;OptionType:PUTO|;StrikePrice:215.0|;OptionExerciseStyle:AMER|;ExpiryDate:2020-08-14|;DeliveryType:PHYS|,F,100000084,,,,,InstIdentCode:MSFT14|;InstFullName:MICROSOFT CORP.|;InstClassification:OPASPS|;NotionalCurr:USD|;PriceMultiplier:100.0|;UnderlInstCode:US5949181045|;UnderlIndexName:|;OptionType:PUTO|;StrikePrice:215.0|;OptionExerciseStyle:AMER|;ExpiryDate:2020-08-14|;DeliveryType:PHYS|,G,1,,,,,,,,74474013,,,,Y,,,OPASPS,,,,R
FALSE,IT0016088657,EUR,XDMI,19959481,Bob11,ABCDEFGHIJKL,,DMA,,,00:28:56,,20415,20,B,,,,,BigBank,,,,,,Y,,5.000002041500.00InstIdentCode:IT0016088657|;InstFullName:FTSE MIB Index|;InstClassification:FFICSX|;NotionalCurr:EUR|;PriceMultiplier:5.0|;UnderlInstCode:IT0003465736|;UnderlIndexName:FTSE MIB|;OptionType:OTHR|;StrikePrice:0.0|;OptionExerciseStyle:|;ExpiryDate:2020-09-18|;DeliveryType:PHYS|,F,100000085,,,,,InstIdentCode:IT0016088657|;InstFullName:FTSE MIB Index|;InstClassification:FFICSX|;NotionalCurr:EUR|;PriceMultiplier:5.0|;UnderlInstCode:IT0003465736|;UnderlIndexName:FTSE MIB|;OptionType:OTHR|;StrikePrice:0.0|;OptionExerciseStyle:|;ExpiryDate:2020-09-18|;DeliveryType:PHYS|,G,1,,,,,,,,74495970,,,,Y,,,FFICSX,,,,P
FALSE,DE000C5N6V08,EUR,XEUR,19958983,Jane11,ABCDEFGHIJKL,,DMA,,,00:57:41,,115.4,2,S,,,,,BigBank,,,,,,Y,,5.000001154.00InstIdentCode:DE000C5N6V08|;InstFullName:DAX|;InstClassification:OPEICS|;NotionalCurr:EUR|;PriceMultiplier:5.0|;UnderlInstCode:DE0008469008|;UnderlIndexName:DAX PERFORMANCE-INDEX|;OptionType:PUTO|;StrikePrice:11600.0|;OptionExerciseStyle:EURO|;ExpiryDate:2020-10-19|;DeliveryType:PHYS|,F,100000086,1,,,,InstIdentCode:DE000C5N6V08|;InstFullName:DAX|;InstClassification:OPEICS|;NotionalCurr:EUR|;PriceMultiplier:5.0|;UnderlInstCode:DE0008469008|;UnderlIndexName:DAX PERFORMANCE-INDEX|;OptionType:PUTO|;StrikePrice:11600.0|;OptionExerciseStyle:EURO|;ExpiryDate:2020-10-19|;DeliveryType:PHYS|,G,1,,,,,,,,74551829,,,,Y,,,OPEICS,,,,R
FALSE,O:CRK\U20\6,USD,XCBO,19958485,Jane6,ABCDEFGHIJKL,,XXX_DMA,,,00:17:27,,0.56904,5,B,,,,,BigBank,,,,,,Y,,100.00000284.52InstIdentCode:CRK|;InstFullName:Comstock Resources Inc.|;InstClassification:OPASPS|;NotionalCurr:USD|;PriceMultiplier:100.0|;UnderlInstCode:US2057683029|;UnderlIndexName:|;OptionType:PUTO|;StrikePrice:6.0|;OptionExerciseStyle:AMER|;ExpiryDate:2020-09-18|;DeliveryType:PHYS|,F,100000087,,,,,InstIdentCode:CRK|;InstFullName:Comstock Resources Inc.|;InstClassification:OPASPS|;NotionalCurr:USD|;PriceMultiplier:100.0|;UnderlInstCode:US2057683029|;UnderlIndexName:|;OptionType:PUTO|;StrikePrice:6.0|;OptionExerciseStyle:AMER|;ExpiryDate:2020-09-18|;DeliveryType:PHYS|,G,1,,,,,,,,74468296,,,,Y,,,OPASPS,,,,P
FALSE,DE000C5KVX58,EUR,XEUR,19957987,Jane6,ABCDEFGHIJKL,,DMA,,,00:20:48,,0.06,50,S,,,,,BigBank,,,,,,Y,,100.00000300.00InstIdentCode:DE000C5KVX58|;InstFullName:Deutsche Bank AG 1st Friday|;InstClassification:OCASPS|;NotionalCurr:EUR|;PriceMultiplier:100.0|;UnderlInstCode:DE0005140008|;UnderlIndexName:|;OptionType:CALL|;StrikePrice:8.0|;OptionExerciseStyle:AMER|;ExpiryDate:2020-08-10|;DeliveryType:PHYS|,F,100000088,1,,,,InstIdentCode:DE000C5KVX58|;InstFullName:Deutsche Bank AG 1st Friday|;InstClassification:OCASPS|;NotionalCurr:EUR|;PriceMultiplier:100.0|;UnderlInstCode:DE0005140008|;UnderlIndexName:|;OptionType:CALL|;StrikePrice:8.0|;OptionExerciseStyle:AMER|;ExpiryDate:2020-08-10|;DeliveryType:PHYS|,G,1,,,,,,,,74454670,,,,Y,,,OCASPS,,,,P
FALSE,PL0GF0019331,PLN,WDER,19957489,Jane6,ABCDEFGHIJKL,,ZZZ_DMA,,,00:16:16,,1823,1,B,,,,,BigBank,,,,,,Y,,20.0000036460.00InstIdentCode:PL0GF0019331|;InstFullName:Wig 20 Index|;InstClassification:FFICSX|;NotionalCurr:PLN|;PriceMultiplier:20.0|;UnderlInstCode:PL9999999987|;UnderlIndexName:WIG20 PLN|;OptionType:OTHR|;StrikePrice:0.0|;OptionExerciseStyle:|;ExpiryDate:2020-09-18|;DeliveryType:PHYS|,F,100000089,,,,,InstIdentCode:PL0GF0019331|;InstFullName:Wig 20 Index|;InstClassification:FFICSX|;NotionalCurr:PLN|;PriceMultiplier:20.0|;UnderlInstCode:PL9999999987|;UnderlIndexName:WIG20 PLN|;OptionType:OTHR|;StrikePrice:0.0|;OptionExerciseStyle:|;ExpiryDate:2020-09-18|;DeliveryType:PHYS|,G,1,,,,,,,,74541364,,,,Y,,,FFICSX,,,,P
FALSE,DE000C4QFCK8,EUR,XEUR,19956991,Jane1,ABCDEFGHIJKL,,DMA,,,00:14:19,,175.87,2,S,,,,,BigBank,,,,,,Y,,1000.00000351740.00InstIdentCode:DE000C4QFCK8|;InstFullName:Euro-Bund-Future|;InstClassification:FFDPSX|;NotionalCurr:EUR|;PriceMultiplier:1000.0|;UnderlInstCode:DE0001102473|;UnderlIndexName:|;OptionType:OTHR|;StrikePrice:0.0|;OptionExerciseStyle:|;ExpiryDate:2020-09-08|;DeliveryType:PHYS|,F,100000090,2,,,,InstIdentCode:DE000C4QFCK8|;InstFullName:Euro-Bund-Future|;InstClassification:FFDPSX|;NotionalCurr:EUR|;PriceMultiplier:1000.0|;UnderlInstCode:DE0001102473|;UnderlIndexName:|;OptionType:OTHR|;StrikePrice:0.0|;OptionExerciseStyle:|;ExpiryDate:2020-09-08|;DeliveryType:PHYS|,C,1,,,,,,,,74544903,,,,Y,,,FFDPSX,,,,R
FALSE,PL0GF0019331,PLN,WDER,19956493,Jane6,ABCDEFGHIJKL,,ZZZ_DMA,,,00:41:50,,1820,2,B,,,,,BigBank,,,,,,Y,,20.0000072800.00InstIdentCode:PL0GF0019331|;InstFullName:Wig 20 Index|;InstClassification:FFICSX|;NotionalCurr:PLN|;PriceMultiplier:20.0|;UnderlInstCode:PL9999999987|;UnderlIndexName:WIG20 PLN|;OptionType:OTHR|;StrikePrice:0.0|;OptionExerciseStyle:|;ExpiryDate:2020-09-18|;DeliveryType:PHYS|,F,100000091,,,,,InstIdentCode:PL0GF0019331|;InstFullName:Wig 20 Index|;InstClassification:FFICSX|;NotionalCurr:PLN|;PriceMultiplier:20.0|;UnderlInstCode:PL9999999987|;UnderlIndexName:WIG20 PLN|;OptionType:OTHR|;StrikePrice:0.0|;OptionExerciseStyle:|;ExpiryDate:2020-09-18|;DeliveryType:PHYS|,G,1,,,,,,,,74556783,,,,Y,,,FFICSX,,,,P
FALSE,DE000C4SA5W8,EUR,XEUR,19955995,Jane11,ABCDEFGHIJKL,,DMA,,,00:25:02,,12927.5,2,B,,,,,BigBank,,,,,,Y,,25.00000646375.00InstIdentCode:DE000C4SA5W8|;InstFullName:DAX|;InstClassification:FFICSX|;NotionalCurr:EUR|;PriceMultiplier:25.0|;UnderlInstCode:DE0008469008|;UnderlIndexName:DAX PERFORMANCE-INDEX|;OptionType:OTHR|;StrikePrice:0.0|;OptionExerciseStyle:|;ExpiryDate:2020-09-18|;DeliveryType:PHYS|,F,100000092,1,,,,InstIdentCode:DE000C4SA5W8|;InstFullName:DAX|;InstClassification:FFICSX|;NotionalCurr:EUR|;PriceMultiplier:25.0|;UnderlInstCode:DE0008469008|;UnderlIndexName:DAX PERFORMANCE-INDEX|;OptionType:OTHR|;StrikePrice:0.0|;OptionExerciseStyle:|;ExpiryDate:2020-09-18|;DeliveryType:PHYS|,G,1,,,,,,,,74521705,,,,Y,,,FFICSX,,,,P
FALSE,O:BNTX\U20\65,USD,XCBO,19955497,Jane6,ABCDEFGHIJKL,,XXX_DMA,,,00:21:53,,5.59,2,B,,,,,BigBank,,,,,,Y,,100.000001118.00InstIdentCode:BNTX|;InstFullName:BioNTech SE|;InstClassification:OPASPS|;NotionalCurr:USD|;PriceMultiplier:100.0|;UnderlInstCode:US09075V1026|;UnderlIndexName:|;OptionType:PUTO|;StrikePrice:65.0|;OptionExerciseStyle:AMER|;ExpiryDate:2020-09-18|;DeliveryType:PHYS|,F,100000093,,,,,InstIdentCode:BNTX|;InstFullName:BioNTech SE|;InstClassification:OPASPS|;NotionalCurr:USD|;PriceMultiplier:100.0|;UnderlInstCode:US09075V1026|;UnderlIndexName:|;OptionType:PUTO|;StrikePrice:65.0|;OptionExerciseStyle:AMER|;ExpiryDate:2020-09-18|;DeliveryType:PHYS|,G,1,,,,,,,,74483350,,,,Y,,,OPASPS,,,,P
FALSE,DE000C4QFCK8,EUR,XEUR,19954999,Jane1,ABCDEFGHIJKL,,DMA,,,00:42:19,,177.13,12,S,,,,,BigBank,,,,,,Y,,1000.000002125560.00InstIdentCode:DE000C4QFCK8|;InstFullName:Euro-Bund-Future|;InstClassification:FFDPSX|;NotionalCurr:EUR|;PriceMultiplier:1000.0|;UnderlInstCode:DE0001102473|;UnderlIndexName:|;OptionType:OTHR|;StrikePrice:0.0|;OptionExerciseStyle:|;ExpiryDate:2020-09-08|;DeliveryType:PHYS|,F,100000094,2,,,,InstIdentCode:DE000C4QFCK8|;InstFullName:Euro-Bund-Future|;InstClassification:FFDPSX|;NotionalCurr:EUR|;PriceMultiplier:1000.0|;UnderlInstCode:DE0001102473|;UnderlIndexName:|;OptionType:OTHR|;StrikePrice:0.0|;OptionExerciseStyle:|;ExpiryDate:2020-09-08|;DeliveryType:PHYS|,C,1,,,,,,,,74486321,,,,Y,,,FFDPSX,,,,P
FALSE,DE000C0VRX98,EUR,XEUR,19954501,Bob11,ABCDEFGHIJKL,,DMA,,,00:32:17,,225.3,10,S,,,,,BigBank,,,,,,Y,,5.0000011265.00InstIdentCode:DE000C0VRX98|;InstFullName:DAX|;InstClassification:OCEICS|;NotionalCurr:EUR|;PriceMultiplier:5.0|;UnderlInstCode:DE0008469008|;UnderlIndexName:DAX PERFORMANCE-INDEX|;OptionType:CALL|;StrikePrice:13800.0|;OptionExerciseStyle:EURO|;ExpiryDate:2020-12-21|;DeliveryType:PHYS|,F,100000095,1,,,,InstIdentCode:DE000C0VRX98|;InstFullName:DAX|;InstClassification:OCEICS|;NotionalCurr:EUR|;PriceMultiplier:5.0|;UnderlInstCode:DE0008469008|;UnderlIndexName:DAX PERFORMANCE-INDEX|;OptionType:CALL|;StrikePrice:13800.0|;OptionExerciseStyle:EURO|;ExpiryDate:2020-12-21|;DeliveryType:PHYS|,G,1,,,,,,,,74467183,,,,Y,,,OCEICS,,,,R
FALSE,DE000C0SZUW7,EUR,XEUR,19954003,Bob11,ABCDEFGHIJKL,,DMA,,,00:25:22,,212,10,S,,,,,BigBank,,,,,,Y,,5.0000010600.00InstIdentCode:DE000C0SZUW7|;InstFullName:DAX|;InstClassification:OCEICS|;NotionalCurr:EUR|;PriceMultiplier:5.0|;UnderlInstCode:DE0008469008|;UnderlIndexName:DAX PERFORMANCE-INDEX|;OptionType:CALL|;StrikePrice:14000.0|;OptionExerciseStyle:EURO|;ExpiryDate:2020-12-21|;DeliveryType:PHYS|,F,100000096,1,,,,InstIdentCode:DE000C0SZUW7|;InstFullName:DAX|;InstClassification:OCEICS|;NotionalCurr:EUR|;PriceMultiplier:5.0|;UnderlInstCode:DE0008469008|;UnderlIndexName:DAX PERFORMANCE-INDEX|;OptionType:CALL|;StrikePrice:14000.0|;OptionExerciseStyle:EURO|;ExpiryDate:2020-12-21|;DeliveryType:PHYS|,G,1,,,,,,,,74506228,,,,Y,,,OCEICS,,,,P
FALSE,O:MR\I20\5,USD,XCBO,19953505,Bob11,ABCDEFGHIJKL,,XXX_DMA,,,00:23:45,,0.8594,12,B,,,,,BigBank,,,,,,Y,,100.000001031.28InstIdentCode:MR|;InstFullName:Montage Resources Corp.|;InstClassification:OCASPS|;NotionalCurr:USD|;PriceMultiplier:100.0|;UnderlInstCode:US61179L1008|;UnderlIndexName:|;OptionType:CALL|;StrikePrice:5.0|;OptionExerciseStyle:AMER|;ExpiryDate:2020-09-18|;DeliveryType:PHYS|,F,100000097,,,,,InstIdentCode:MR|;InstFullName:Montage Resources Corp.|;InstClassification:OCASPS|;NotionalCurr:USD|;PriceMultiplier:100.0|;UnderlInstCode:US61179L1008|;UnderlIndexName:|;OptionType:CALL|;StrikePrice:5.0|;OptionExerciseStyle:AMER|;ExpiryDate:2020-09-18|;DeliveryType:PHYS|,G,1,,,,,,,,74474209,,,,Y,,,OCASPS,,,,P
FALSE,F:ES\U20,USD,XCME,19953007,Bob11,ABCDEFGHIJKL,,YY_DMA,,,00:04:20,,3360.25,10,S,,,,,BigBank,,,,,,Y,,50.000001680125.00InstIdentCode:ES|;InstFullName:E-Mini S&P 500Index|;InstClassification:FFICSX|;NotionalCurr:USD|;PriceMultiplier:50.0|;UnderlInstCode:US78378X1072|;UnderlIndexName:S+P 500|;OptionType:OTHR|;StrikePrice:0.0|;OptionExerciseStyle:|;ExpiryDate:2020-09-18|;DeliveryType:PHYS|,F,100000098,,,,,InstIdentCode:ES|;InstFullName:E-Mini S&P 500Index|;InstClassification:FFICSX|;NotionalCurr:USD|;PriceMultiplier:50.0|;UnderlInstCode:US78378X1072|;UnderlIndexName:S+P 500|;OptionType:OTHR|;StrikePrice:0.0|;OptionExerciseStyle:|;ExpiryDate:2020-09-18|;DeliveryType:PHYS|,G,1,,,,,,,,74518013,,,,Y,,,FFICSX,,,,P
